key,artist,title,source,n_raw,n_eff,bucket,has_feats,year,listeners
bts::epiphany,BTS,Epiphany,lastfm_tag,9,6,has tags,True,2018.0,465971.0
xlov::1&only,XLOV,1&Only,lastfm_tag,10,7,has tags,False,2025.0,251748.0
saja boys::your idol,Saja Boys,Your Idol,lastfm_tag,10,6,has tags,True,2025.0,646633.0
red velvet::day 1,Red Velvet,Day 1,lastfm_tag,10,7,has tags,True,2015.0,340207.0
aespa::savage,aespa,Savage,lastfm_tag,10,9,has tags,True,2021.0,557180.0
itzy::wannabe,ITZY,WANNABE,lastfm_tag,10,6,has tags,True,2020.0,615968.0
bts::21st century girl,BTS,21st Century Girl,lastfm_tag,10,9,has tags,True,,446554.0
miss a::bad girl good girl,miss A,Bad Girl Good Girl,lastfm_tag,10,5,has tags,True,2010.0,280301.0
momoland::bboom bboom,MOMOLAND,BBoom BBoom,lastfm_tag,10,6,has tags,True,2018.0,406226.0
fifty fifty::cupid,Fifty Fifty,Cupid,lastfm_tag,10,7,has tags,True,2023.0,553556.0
nmixx::dice,NMIXX,DICE,lastfm_tag,10,7,has tags,True,2022.0,420939.0
le sserafim::fearless,LE SSERAFIM,FEARLESS,lastfm_tag,10,6,has tags,True,2022.0,563395.0
blackpink::forever young,BLACKPINK,Forever Young,lastfm_tag,10,7,has tags,False,2018.0,514632.0
seventeen::hot,Seventeen,HOT,lastfm_tag,10,6,has tags,True,2022.0,362800.0
2ne1::i am the best,2NE1,I Am the Best,lastfm_tag,10,6,has tags,False,2012.0,469088.0
illit::jellyous,ILLIT,jellyous,lastfm_tag,10,7,has tags,True,2025.0,380111.0
nmixx::love me like this,NMIXX,Love Me Like This,lastfm_tag,10,7,has tags,True,2023.0,369084.0
aoa::miniskirt,AOA,Miniskirt,lastfm_tag,10,6,has tags,True,2014.0,580061.0
twice::moonlight sunrise,TWICE,MOONLIGHT SUNRISE,lastfm_tag,10,8,has tags,True,2023.0,490704.0
bts::not today,BTS,Not Today,lastfm_tag,10,6,has tags,True,2017.0,535134.0
kai::rover,Kai,Rover,lastfm_tag,10,7,has tags,True,2023.0,416077.0
shinee::sherlock (clue + note),SHINee,Sherlock (Clue + Note),lastfm_tag,10,6,has tags,True,2018.0,233.0
twice::signal,TWICE,SIGNAL,lastfm_tag,10,7,has tags,True,2017.0,449255.0
jennie::solo,Jennie,SOLO,lastfm_tag,10,6,has tags,False,2018.0,613105.0
hearts2hearts::style,Hearts2Hearts,STYLE,lastfm_tag,10,7,has tags,False,2025.0,225243.0
twice::talk that talk,TWICE,Talk that Talk,lastfm_tag,10,8,has tags,True,2022.0,565766.0
twice::the feels,TWICE,The Feels,lastfm_tag,10,7,has tags,True,2021.0,850124.0
aespa::'til we die,aespa,'Til We Die,lastfm_tag,10,9,has tags,False,2026.0,70988.0
ive::attitude,IVE,ATTITUDE,lastfm_tag,10,7,has tags,True,2025.0,214095.0
aespa::black mamba,aespa,Black Mamba,lastfm_tag,10,7,has tags,True,2020.0,543860.0
blackpink::boombayah,BLACKPINK,BOOMBAYAH,lastfm_tag,10,7,has tags,True,2016.0,705465.0
enhypen::drunk-dazed,ENHYPEN,Drunk-Dazed,lastfm_tag,10,6,has tags,True,2021.0,628090.0
twice::fancy,TWICE,FANCY,lastfm_tag,10,6,has tags,True,2019.0,944966.0
twice::feel special,TWICE,Feel Special,lastfm_tag,10,7,has tags,True,2019.0,735854.0
psy::gentleman,Psy,Gentleman,lastfm_tag,10,6,has tags,True,2013.0,403993.0
loona::hi high,Loona,Hi High,lastfm_tag,10,7,has tags,True,2020.0,355142.0
ive::i am,IVE,I AM,lastfm_tag,10,8,has tags,True,2023.0,556998.0
twice::i can't stop me,TWICE,I CAN'T STOP ME,lastfm_tag,10,7,has tags,True,2020.0,758751.0
blackpink::kill this love,BLACKPINK,Kill This Love,lastfm_tag,10,6,has tags,False,2019.0,875873.0
dua lipa::kiss and make up,Dua Lipa,Kiss and Make Up,lastfm_tag,10,8,has tags,True,2018.0,611334.0
everglow::la di da,Everglow,LA DI DA,lastfm_tag,10,6,has tags,True,2020.0,380313.0
aespa::lemonade,aespa,Lemonade,lastfm_tag,10,7,has tags,False,2026.0,276043.0
twice::likey,TWICE,LIKEY,lastfm_tag,10,7,has tags,True,2017.0,579606.0
ive::love dive,IVE,LOVE DIVE,lastfm_tag,10,8,has tags,True,2022.0,628114.0
blackpink::lovesick girls,BLACKPINK,Lovesick Girls,lastfm_tag,10,7,has tags,False,2020.0,646626.0
stray kids::maniac,Stray Kids,MANIAC,lastfm_tag,10,8,has tags,True,2022.0,489947.0
twice::mars,TWICE,MARS,lastfm_tag,8,5,has tags,True,2025.0,196731.0
aespa::next level,aespa,Next Level,lastfm_tag,10,8,has tags,True,2021.0,552668.0
iz*one::panorama,IZ*ONE,Panorama,lastfm_tag,10,9,has tags,True,2020.0,302464.0
aespa::roll,aespa,Roll,lastfm_tag,7,6,has tags,False,2026.0,66317.0
stayc::run2u,STAYC,RUN2U,lastfm_tag,10,7,has tags,True,2022.0,417225.0
aespa::shakin',aespa,SHAKIN',lastfm_tag,10,9,has tags,False,2026.0,110908.0
lady gaga::sour candy (with blackpink),Lady Gaga,Sour Candy (with BLACKPINK),lastfm_tag,10,8,has tags,True,,649173.0
aespa::spicy,aespa,Spicy,lastfm_tag,10,8,has tags,True,2023.0,493573.0
twice::strategy (feat. megan thee stallion),TWICE,Strategy (feat. Megan Thee Stallion),lastfm_tag,10,8,has tags,False,2024.0,452946.0
aespa::supernova,aespa,Supernova,lastfm_tag,10,7,has tags,False,2024.0,676639.0
enhypen::tamed-dashed,ENHYPEN,Tamed-Dashed,lastfm_tag,10,8,has tags,True,2021.0,307393.0
twice::tt,TWICE,TT,lastfm_tag,10,8,has tags,True,2017.0,594946.0
loossemble::ttyl,Loossemble,TTYL,lastfm_tag,10,8,has tags,True,2024.0,239263.0
artms::virtual angel,ARTMS,Virtual Angel,lastfm_tag,10,8,has tags,True,2024.0,184438.0
aespa::whiplash,aespa,Whiplash,lastfm_tag,10,7,has tags,False,2024.0,658726.0
red velvet::러시안 룰렛 russian roulette,Red Velvet,러시안 룰렛 Russian Roulette,lastfm_tag,10,8,has tags,True,2016.0,781218.0
wonder girls::rewind,Wonder Girls,Rewind,lastfm_tag,10,8,has tags,True,2015.0,453692.0
hearts2hearts::the chase,Hearts2Hearts,The Chase,lastfm_tag,10,6,has tags,True,2025.0,286983.0
f(x)::4 walls,f(x),4 Walls,lastfm_tag,10,7,has tags,True,2015.0,352015.0
kiiikiii::404 (new era),KiiiKiii,404 (New Era),lastfm_tag,10,7,has tags,True,2026.0,287052.0
le sserafim::celebration,LE SSERAFIM,CELEBRATION,lastfm_tag,10,7,has tags,False,2026.0,198814.0
stray kids::ceremony,Stray Kids,Ceremony,lastfm_tag,10,7,has tags,True,2025.0,176339.0
le sserafim::crazy,LE SSERAFIM,CRAZY,lastfm_tag,10,7,has tags,True,2024.0,961964.0
bts::dna,BTS,DNA,lastfm_tag,10,6,has tags,True,2017.0,851571.0
newjeans::eta,NewJeans,ETA,lastfm_tag,10,6,has tags,True,2023.0,944035.0
bts::euphoria,BTS,Euphoria,lastfm_tag,10,8,has tags,True,2018.0,673621.0
hearts2hearts::focus,Hearts2Hearts,FOCUS,lastfm_tag,10,7,has tags,True,2025.0,272317.0
enhypen::go big or go home,ENHYPEN,Go Big or Go Home,lastfm_tag,10,9,has tags,True,2021.0,253759.0
stayc::gpt,STAYC,GPT,lastfm_tag,10,7,has tags,True,2024.0,161276.0
bts::idol,BTS,IDOL,lastfm_tag,10,6,has tags,True,2018.0,730268.0
stray kids::megaverse,Stray Kids,MEGAVERSE,lastfm_tag,10,7,has tags,True,2023.0,215871.0
stray kids::miroh,Stray Kids,MIROH,lastfm_tag,10,7,has tags,True,2019.0,347438.0
lisa::money,Lisa,MONEY,lastfm_tag,10,7,has tags,False,2013.0,763578.0
enhypen::moonstruck,ENHYPEN,Moonstruck,lastfm_tag,10,8,has tags,True,2024.0,280377.0
newjeans::new jeans,NewJeans,New Jeans,lastfm_tag,10,7,has tags,True,2023.0,1062629.0
red velvet::peek-a-boo,Red Velvet,Peek-A-Boo,lastfm_tag,10,7,has tags,True,2017.0,565189.0
blackpink::playing with fire,BLACKPINK,PLAYING WITH FIRE,lastfm_tag,10,7,has tags,True,2017.0,606004.0
ifeye::r u ok?,ifeye,r u ok?,lastfm_tag,10,7,has tags,False,2025.0,136984.0
lisa::rockstar,Lisa,Rockstar,lastfm_tag,10,7,has tags,True,2024.0,658233.0
nmixx::roller coaster,NMIXX,Roller Coaster,lastfm_tag,10,7,has tags,True,2023.0,240753.0
bts::so what,BTS,So What,lastfm_tag,10,7,has tags,True,2018.0,446741.0
newjeans::super shy,NewJeans,Super Shy,lastfm_tag,10,8,has tags,True,2023.0,1259191.0
aespa::switchblade (feat. ty dolla $ign),aespa,Switchblade (feat. Ty Dolla $ign),lastfm_tag,10,7,has tags,False,2026.0,123233.0
bts::telepathy,BTS,Telepathy,lastfm_tag,10,8,has tags,True,2025.0,389459.0
shinee::view,SHINee,View,lastfm_tag,10,7,has tags,True,2015.0,277295.0
cortis::youngcreatorcrew,CORTIS,YOUNGCREATORCREW,lastfm_tag,10,7,has tags,False,2026.0,119931.0
brown eyed girls::abracadabra,Brown Eyed Girls,Abracadabra,lastfm_tag,10,5,has tags,True,2009.0,251685.0
wonder girls::so hot,Wonder Girls,So Hot,lastfm_tag,10,5,has tags,True,2008.0,277511.0
wonder girls::tell me,Wonder Girls,Tell Me,lastfm_tag,10,5,has tags,True,2007.0,664961.0
bts::2.0,BTS,2.0,lastfm_tag,10,7,has tags,False,2026.0,385581.0
bts::airplane pt.2,BTS,Airplane pt.2,lastfm_tag,10,7,has tags,True,2018.0,607155.0
agust d::amygdala,Agust D,AMYGDALA,lastfm_tag,10,7,has tags,False,2023.0,294536.0
bts::anpanman,BTS,Anpanman,lastfm_tag,10,6,has tags,True,2018.0,542380.0
stray kids::back door,Stray Kids,Back Door,lastfm_tag,10,8,has tags,True,2020.0,380000.0
ive::bang bang,IVE,BANG BANG,lastfm_tag,10,7,has tags,False,2026.0,205168.0
bts::black swan,BTS,Black Swan,lastfm_tag,10,7,has tags,True,2020.0,712213.0
bts::blood sweat & tears,BTS,Blood Sweat & Tears,lastfm_tag,10,6,has tags,True,2018.0,850074.0
bts::boy in luv,BTS,Boy In Luv,lastfm_tag,10,9,has tags,True,2014.0,613817.0
bts::bts cypher 4,BTS,BTS Cypher 4,lastfm_tag,10,7,has tags,True,2016.0,458075.0
bts::come back home,BTS,Come Back Home,lastfm_tag,10,6,has tags,True,2017.0,261485.0
bts::converse high,BTS,Converse High,lastfm_tag,10,7,has tags,True,2015.0,398491.0
twice::cry for me,TWICE,CRY FOR ME,lastfm_tag,10,9,has tags,True,2020.0,525801.0
bts::danger,BTS,Danger,lastfm_tag,10,6,has tags,True,2014.0,554697.0
bts::dionysus,BTS,Dionysus,lastfm_tag,10,7,has tags,True,2019.0,538322.0
stray kids::do it,Stray Kids,DO IT,lastfm_tag,10,6,has tags,True,2025.0,166528.0
red velvet::dumb dumb,Red Velvet,Dumb Dumb,lastfm_tag,10,8,has tags,True,2015.0,367350.0
bts::fake love,BTS,FAKE LOVE,lastfm_tag,10,6,has tags,True,2018.0,891520.0
cortis::fashion,CORTIS,FaSHioN,lastfm_tag,10,7,has tags,True,2025.0,393037.0
cortis::go!,CORTIS,GO!,lastfm_tag,10,7,has tags,True,2025.0,455497.0
bts::house of cards (full length edition),BTS,House Of Cards (Full Length Edition),lastfm_tag,10,9,has tags,True,2016.0,498101.0
blackpink::how you like that,BLACKPINK,How You Like That,lastfm_tag,10,6,has tags,False,2020.0,912693.0
bts::i need u,BTS,I NEED U,lastfm_tag,10,9,has tags,True,2015.0,737551.0
ateez::ice on my teeth,ATEEZ,Ice on My Teeth,lastfm_tag,10,7,has tags,True,2024.0,216994.0
bts::intro: boy meets evil,BTS,Intro: Boy Meets Evil,lastfm_tag,10,8,has tags,True,,400634.0
bts::jump,BTS,JUMP,lastfm_tag,10,7,has tags,True,2014.0,391184.0
lisa::lalisa,Lisa,LALISA,lastfm_tag,10,7,has tags,False,2021.0,507307.0
twice::like ooh-ahh,TWICE,Like OOH-AHH,lastfm_tag,10,7,has tags,True,2015.0,435842.0
bts::love maze,BTS,Love Maze,lastfm_tag,10,7,has tags,True,2018.0,540391.0
exo::love shot,Exo,Love Shot,lastfm_tag,10,7,has tags,True,2018.0,599942.0
bts::ma city,BTS,Ma City,lastfm_tag,9,6,has tags,True,2015.0,406216.0
bts::magic shop,BTS,Magic Shop,lastfm_tag,10,7,has tags,True,2018.0,540235.0
bts::mic drop,BTS,MIC Drop,lastfm_tag,10,7,has tags,True,2014.0,510521.0
bts::n.o,BTS,N.O,lastfm_tag,10,6,has tags,False,2013.0,442917.0
blackpink::pink venom,BLACKPINK,Pink Venom,lastfm_tag,10,7,has tags,False,2022.0,801239.0
blackpink::pretty savage,BLACKPINK,Pretty Savage,lastfm_tag,10,8,has tags,False,2020.0,615372.0
bts::rain,BTS,Rain,lastfm_tag,10,6,has tags,True,2014.0,372522.0
bts::run bts,BTS,Run BTS,lastfm_tag,10,9,has tags,True,,651545.0
rm::seoul (prod. honne),RM,seoul (prod. HONNE),lastfm_tag,9,7,has tags,True,,432674.0
blackpink::shut down,BLACKPINK,Shut Down,lastfm_tag,10,6,has tags,False,2022.0,745533.0
exo::tempo,Exo,Tempo,lastfm_tag,10,7,has tags,True,2018.0,388915.0
stray kids::thunderous,Stray Kids,Thunderous,lastfm_tag,10,8,has tags,True,2021.0,373829.0
blackpink::typa girl,BLACKPINK,Typa Girl,lastfm_tag,10,6,has tags,False,2022.0,503287.0
aespa::wda (whole different animal) (feat. g-dragon),aespa,WDA (Whole Different Animal) (feat. G-DRAGON),lastfm_tag,10,7,has tags,False,2026.0,180880.0
bts::we are bulletproof pt.2,BTS,We Are Bulletproof PT.2,lastfm_tag,10,7,has tags,True,2013.0,427831.0
babymonster::we go up,BABYMONSTER,WE GO UP,lastfm_tag,6,4,has tags,True,2025.0,111241.0
cortis::what you want,CORTIS,What You Want,lastfm_tag,10,7,has tags,False,2025.0,216251.0
ateez::work,ATEEZ,WORK,lastfm_tag,10,7,has tags,False,2024.0,244530.0
apink::%%(eung eung),Apink,%%(Eung Eung),lastfm_tag,0,0,no tags,True,,160751.0
nct 127::0 mile,NCT 127,0 Mile,lastfm_tag,0,0,no tags,True,2017.0,102657.0
bts::00:00 (zero o'clock),BTS,00:00 (Zero O'Clock),lastfm_tag,0,0,no tags,True,2020.0,460063.0
bts::00:00 (zero o’clock),BTS,00:00 (Zero O’Clock),lastfm_tag,10,7,has tags,True,2020.0,460063.0
b.i.g::1.2.3,B.I.G,1.2.3,lastfm_tag,0,0,no tags,True,2017.0,8623.0
enhypen::10 months,ENHYPEN,10 Months,lastfm_tag,0,0,no tags,True,2020.0,215301.0
shinee::1분만 (one minute back),SHINee,1분만 (One Minute Back),lastfm_tag,0,0,no tags,True,2013.0,17699.0
seulgi::28 reasons,SEULGI,28 Reasons,lastfm_tag,10,7,has tags,True,2022.0,340499.0
triple h::365 fresh,Triple H,365 FRESH,lastfm_tag,0,0,no tags,True,2017.0,120833.0
nicole::5!6!7!8!,Nicole,5!6!7!8!,lastfm_tag,0,0,no tags,True,2024.0,3414.0
itzy::8-bit heart,ITZY,8-BIT HEART,lastfm_tag,0,0,no tags,False,2025.0,35106.0
tomorrow x together::9 and three quarters (run away),TOMORROW X TOGETHER,9 and Three Quarters (Run Away),lastfm_tag,10,6,has tags,True,2019.0,385639.0
got7::a,GOT7,A,lastfm_tag,0,0,no tags,True,2014.0,96645.0
rainbow::a,Rainbow,A,lastfm_tag,0,0,no tags,True,2010.0,54486.0
g-dragon::a boy,G-DRAGON,A Boy,lastfm_tag,0,0,no tags,True,2013.0,35205.0
gugudan::a girl like me,gugudan,A Girl Like Me,lastfm_tag,0,0,no tags,True,2017.0,47621.0
shinee::a-yo,SHINee,A-Yo,lastfm_tag,0,0,no tags,True,2010.0,51052.0
nayeon::abcd,NAYEON,ABCD,lastfm_tag,10,7,has tags,True,2024.0,410986.0
ive::accendio,IVE,Accendio,lastfm_tag,10,7,has tags,True,2024.0,210326.0
sunmi::addict,SUNMI,ADDICT,lastfm_tag,0,0,no tags,False,2018.0,62703.0
seventeen::adore u,Seventeen,Adore U,lastfm_tag,0,0,no tags,True,2016.0,186384.0
boa::adrenaline,Boa,ADRENALINE,lastfm_tag,0,0,no tags,True,2010.0,15374.0
aespa::aenergy,aespa,aenergy,lastfm_tag,0,0,no tags,True,2021.0,295293.0
ive::after like,IVE,After LIKE,lastfm_tag,10,7,has tags,True,2022.0,689369.0
2pm::again & again,2PM,Again & Again,lastfm_tag,0,0,no tags,True,,90100.0
oh my girl::agit,OH MY GIRL,Agit,lastfm_tag,0,0,no tags,True,2017.0,7375.0
after school::ah,After School,AH,lastfm_tag,0,0,no tags,True,2009.0,58256.0
exid::ah yeah,EXID,Ah Yeah,lastfm_tag,0,0,no tags,True,2015.0,110704.0
f(x)::airplane,f(x),Airplane,lastfm_tag,0,0,no tags,True,2013.0,74773.0
twice::alcohol-free,TWICE,Alcohol-Free,lastfm_tag,10,7,has tags,True,2021.0,535555.0
lightsum::alive,LIGHTSUM,Alive,lastfm_tag,0,0,no tags,True,2022.0,42493.0
shinee::all day all night,SHINee,All Day All Night,lastfm_tag,0,0,no tags,True,2018.0,36797.0
jisoo::all eyes on me,JISOO,All Eyes on Me,lastfm_tag,0,0,no tags,False,2023.0,213132.0
stray kids::all in,Stray Kids,ALL IN,lastfm_tag,0,0,no tags,True,2020.0,130857.0
f(x)::all night,f(x),All Night,lastfm_tag,0,0,no tags,True,2014.0,75558.0
wei::all or nothing (prod. jang dae hyeon),WEi,All Or Nothing (Prod. JANG DAE HYEON),lastfm_tag,0,0,no tags,True,,10276.0
sistar::alone,SISTAR,Alone,lastfm_tag,0,0,no tags,True,2010.0,118547.0
heize::and july,Heize,And July,lastfm_tag,0,0,no tags,True,2016.0,139014.0
ateez::answer,ATEEZ,Answer,lastfm_tag,0,0,no tags,False,2020.0,209167.0
bts::answer : love myself,BTS,Answer : Love Myself,lastfm_tag,10,6,has tags,True,2018.0,381428.0
tomorrow x together::anti-romantic,TOMORROW X TOGETHER,ANTI-ROMANTIC,lastfm_tag,0,0,no tags,True,2021.0,410434.0
le sserafim::antifragile,LE SSERAFIM,ANTIFRAGILE,lastfm_tag,10,7,has tags,True,2022.0,947865.0
gfriend::apple,GFRIEND,Apple,lastfm_tag,0,0,no tags,True,2020.0,180054.0
blackpink::as if it's your last,BLACKPINK,AS IF IT'S YOUR LAST,lastfm_tag,10,5,has tags,True,2017.0,735492.0
stayc::asap,STAYC,ASAP,lastfm_tag,10,7,has tags,True,2021.0,470677.0
young posse::ate that,YOUNG POSSE,ATE THAT,lastfm_tag,0,0,no tags,True,2024.0,71395.0
bts::awake,BTS,Awake,lastfm_tag,10,8,has tags,True,2016.0,383662.0
stray kids::awaken,Stray Kids,Awaken,lastfm_tag,0,0,no tags,True,2018.0,83504.0
lovelyz::aya,Lovelyz,Aya,lastfm_tag,0,0,no tags,True,2017.0,9372.0
ily:1::azalea,ILY:1,Azalea,lastfm_tag,0,0,no tags,True,,9733.0
wjsn::b.b.b.boo,WJSN,B.B.B.BOO,lastfm_tag,0,0,no tags,True,2017.0,14722.0
itzy::b[oo]m-boxx,ITZY,B[OO]M-BOXX,lastfm_tag,0,0,no tags,True,,69731.0
소녀시대::baby baby,소녀시대,Baby Baby,lastfm_tag,0,0,no tags,True,,17177.0
daesung::baby don't cry,Daesung,Baby Don't Cry,lastfm_tag,0,0,no tags,True,,7968.0
nct 127::baby don’t like it 나쁜 짓,NCT 127,Baby Don’t Like It 나쁜 짓,lastfm_tag,0,0,no tags,True,2017.0,159263.0
nct::baby don’t stop,NCT,Baby Don’t Stop,lastfm_tag,0,0,no tags,True,2018.0,310896.0
gd&top::baby good night,GD&TOP,BABY GOOD NIGHT,lastfm_tag,0,0,no tags,True,2010.0,42375.0
se7en::baby i like you like that,SE7EN,Baby I Like You Like That,lastfm_tag,0,0,no tags,True,2003.0,4396.0
wjsn::babyface,WJSN,Babyface,lastfm_tag,0,0,no tags,True,2017.0,40131.0
nct 127::back 2 u (am 01:27),NCT 127,Back 2 U (AM 01:27),lastfm_tag,0,0,no tags,True,2017.0,144043.0
bigbang::bad boy,Bigbang,BAD BOY,lastfm_tag,0,0,no tags,True,2012.0,109472.0
enhypen::bad desire (with or without you),ENHYPEN,Bad Desire (With or Without You),lastfm_tag,10,9,has tags,True,2025.0,234237.0
ladies' code::bad girl,LADIES' CODE,Bad Girl,lastfm_tag,0,0,no tags,True,2013.0,23769.0
이효리::bad girls,이효리,Bad Girls,lastfm_tag,0,0,no tags,True,2013.0,4660.0
ive::baddie,IVE,Baddie,lastfm_tag,10,6,has tags,True,2023.0,324272.0
hyolyn::bae,HYOLYN,BAE,lastfm_tag,0,0,no tags,True,2018.0,19889.0
clc::bae,CLC,BAE,lastfm_tag,0,0,no tags,True,2017.0,13556.0
the deep::bappi,The Deep,BAPPI,lastfm_tag,0,0,no tags,False,2023.0,48068.0
crayon pop::bar bar bar,Crayon Pop,Bar Bar Bar,lastfm_tag,0,0,no tags,True,2014.0,57362.0
twice::basics,TWICE,Basics,lastfm_tag,0,0,no tags,True,2022.0,253021.0
nu'est::bass,NU'EST,BASS,lastfm_tag,0,0,no tags,True,2019.0,8813.0
"twice::battitude (nayeon, jeongyeon, momo, mina)",TWICE,"BATTITUDE (NAYEON, JEONGYEON, MOMO, MINA)",lastfm_tag,0,0,no tags,True,,119850.0
iu::bbibbi,IU,BBIBBI,lastfm_tag,0,0,no tags,True,,313644.0
wonder girls::be my baby,Wonder Girls,Be My Baby,lastfm_tag,0,0,no tags,True,2011.0,90419.0
pristin::be the star,PRISTIN,Be the Star,lastfm_tag,0,0,no tags,True,2017.0,15342.0
monsta x::beautiful,MONSTA X,Beautiful,lastfm_tag,0,0,no tags,True,2017.0,100867.0
monsta x::beautiful - japanese ver.,MONSTA X,Beautiful - Japanese ver.,lastfm_tag,0,0,no tags,True,,4568.0
bigbang::beautiful hangover,Bigbang,BEAUTIFUL HANGOVER,lastfm_tag,0,0,no tags,True,2010.0,16915.0
stayc::bebe,STAYC,BEBE,lastfm_tag,0,0,no tags,True,2025.0,115895.0
bts::begin,BTS,Begin,lastfm_tag,10,6,has tags,True,2016.0,415131.0
bts::best of me,BTS,Best of Me,lastfm_tag,10,6,has tags,True,2017.0,530513.0
nu'est::bet bet,NU'EST,BET BET,lastfm_tag,0,0,no tags,True,2019.0,35207.0
blackpink::bet you wanna (feat. cardi b),BLACKPINK,Bet You Wanna (feat. Cardi B),lastfm_tag,0,0,no tags,False,2020.0,231669.0
aespa::better things,aespa,Better Things,lastfm_tag,10,8,has tags,True,2023.0,316407.0
noir::between,Noir,Between,lastfm_tag,0,0,no tags,False,2004.0,1753.0
aoa::bing bing,AOA,Bing Bing,lastfm_tag,0,0,no tags,True,2017.0,48039.0
artms::birth,ARTMS,Birth,lastfm_tag,0,0,no tags,True,2024.0,119640.0
clc::black dress,CLC,BLACK DRESS,lastfm_tag,0,0,no tags,True,2018.0,155282.0
nct::black on black,NCT,Black on Black,lastfm_tag,0,0,no tags,True,2018.0,108171.0
cross gene::black or white,CROSS GENE,Black or White,lastfm_tag,0,0,no tags,True,2017.0,3544.0
iu::black out,IU,Black Out,lastfm_tag,0,0,no tags,True,2017.0,52568.0
super junior::black suit,SUPER JUNIOR,Black Suit,lastfm_tag,0,0,no tags,True,2017.0,85169.0
rainbow::black swan,Rainbow,Black Swan,lastfm_tag,0,0,no tags,True,2015.0,17959.0
pristin::black widow,PRISTIN,Black Widow,lastfm_tag,0,0,no tags,True,2017.0,43328.0
pristin::black widow (remix ver.),PRISTIN,Black Widow (Remix Ver.),lastfm_tag,0,0,no tags,True,2017.0,43328.0
ikon::bling bling,Ikon,BLING BLING,lastfm_tag,0,0,no tags,True,2017.0,87529.0
bigbang::blue,Bigbang,BLUE,lastfm_tag,0,0,no tags,True,2012.0,128588.0
le sserafim::blue flame,LE SSERAFIM,Blue Flame,lastfm_tag,10,6,has tags,True,2022.0,426814.0
tomorrow x together::blue hour,TOMORROW X TOGETHER,Blue Hour,lastfm_tag,10,7,has tags,True,,488004.0
gyeongree::blue moon,GYEONGREE,blue moon,lastfm_tag,0,0,no tags,True,,12089.0
t-ara::bo peep bo peep,T-ARA,Bo Peep Bo Peep,lastfm_tag,0,0,no tags,False,2009.0,109142.0
everglow::bon bon chocolat,Everglow,Bon Bon Chocolat,lastfm_tag,10,7,has tags,True,2019.0,357137.0
wjsn::boogie up,WJSN,Boogie Up,lastfm_tag,0,0,no tags,True,2019.0,65911.0
nct dream::boom,NCT DREAM,BOOM,lastfm_tag,0,0,no tags,True,2019.0,298484.0
f(x)::boom bang boom,f(x),Boom Bang Boom,lastfm_tag,0,0,no tags,True,2014.0,35392.0
viviz::bop bop!,VIVIZ,BOP BOP!,lastfm_tag,0,0,no tags,True,2022.0,156765.0
jj project::bounce,JJ Project,Bounce,lastfm_tag,0,0,no tags,True,2012.0,28441.0
exid::boy,EXID,Boy,lastfm_tag,0,0,no tags,True,2017.0,40031.0
bts::boy with luv (feat. halsey),BTS,Boy With Luv (feat. Halsey),lastfm_tag,10,6,has tags,True,2014.0,974892.0
cravity::break all the rules,CRAVITY,Break All The Rules,lastfm_tag,0,0,no tags,True,2020.0,41515.0
miss a::breathe,miss A,Breathe,lastfm_tag,0,0,no tags,True,2010.0,93013.0
wei::breathing,WEi,Breathing,lastfm_tag,0,0,no tags,False,2020.0,7057.0
nct dream::broken melodies,NCT DREAM,Broken Melodies,lastfm_tag,0,0,no tags,False,2023.0,146239.0
enhypen::brought the heat back,ENHYPEN,Brought the Heat Back,lastfm_tag,10,7,has tags,True,2024.0,267393.0
enhypen::brought the heat back (feat. ava max),ENHYPEN,BROUGHT THE HEAT BACK (feat. Ava Max),lastfm_tag,0,0,no tags,True,2024.0,267393.0
b.i::btbt,B.I,BTBT,lastfm_tag,0,0,no tags,False,2022.0,241116.0
infinite::btd (before the dawn),Infinite,BTD (Before The Dawn),lastfm_tag,0,0,no tags,True,2011.0,32402.0
orange caramel::bubble bath,Orange Caramel,Bubble Bath,lastfm_tag,0,0,no tags,True,2012.0,22694.0
현아::bubble pop!,현아,Bubble Pop!,lastfm_tag,0,0,no tags,True,,21986.0
oh my girl::bungee (fall in love),OH MY GIRL,BUNGEE (Fall In Love),lastfm_tag,0,0,no tags,True,2019.0,39027.0
sunmi::burn,SUNMI,Burn,lastfm_tag,0,0,no tags,False,2014.0,19799.0
maka`maka::burning power,Maka`Maka,Burning Power,lastfm_tag,0,0,no tags,True,,4063.0
bts::butter,BTS,Butter,lastfm_tag,10,7,has tags,True,2021.0,875654.0
hearts2hearts::butterflies,Hearts2Hearts,Butterflies,lastfm_tag,10,7,has tags,True,2025.0,167208.0
bts::butterfly,BTS,Butterfly,lastfm_tag,9,6,has tags,True,2015.0,577910.0
loona::butterfly,Loona,Butterfly,lastfm_tag,0,0,no tags,True,,299778.0
p1harmony::butterfly,P1Harmony,Butterfly,lastfm_tag,0,0,no tags,True,2020.0,109659.0
twelvem::butterfly,twelveM,butterfly,lastfm_tag,0,0,no tags,False,2019.0,14489.0
yuri::butterfly,Yuri,Butterfly,lastfm_tag,0,0,no tags,True,2009.0,7513.0
red velvet::bye bye,Red Velvet,BYE BYE,lastfm_tag,0,0,no tags,True,2022.0,204114.0
wei::bye bye bye,WEi,BYE BYE BYE,lastfm_tag,0,0,no tags,True,2021.0,29378.0
a.c.e::cactus,A.C.E,Cactus,lastfm_tag,0,0,no tags,True,2018.0,48585.0
itzy::cake,ITZY,CAKE,lastfm_tag,0,0,no tags,True,2023.0,233449.0
sunmi::call,SUNMI,Call,lastfm_tag,0,0,no tags,False,2021.0,37592.0
exo::call me baby,Exo,CALL ME BABY,lastfm_tag,10,7,has tags,True,2015.0,437500.0
clc::call my name,CLC,CALL MY NAME,lastfm_tag,0,0,no tags,True,2017.0,15433.0
cravity::call my name,CRAVITY,Call My Name,lastfm_tag,0,0,no tags,True,2021.0,11618.0
lovelyz::cameo,Lovelyz,Cameo,lastfm_tag,0,0,no tags,True,2017.0,14229.0
boa::camo,Boa,CAMO,lastfm_tag,0,0,no tags,True,2017.0,36415.0
dreamcatcher::can't get you out of my mind,Dreamcatcher,Can't get you out of my mind,lastfm_tag,0,0,no tags,False,2020.0,58132.0
iu::can't love you anymore (with ohhyuk),IU,Can't Love You Anymore (With OHHYUK),lastfm_tag,0,0,no tags,True,,257297.0
2ne1::can't nobody,2NE1,Can't Nobody,lastfm_tag,0,0,no tags,True,2010.0,85844.0
nct dream::candy,NCT DREAM,Candy,lastfm_tag,0,0,no tags,True,2022.0,223513.0
baekhyun::candy,BAEKHYUN,Candy,lastfm_tag,0,0,no tags,True,2020.0,250857.0
h.o.t::candy,H.O.T,Candy,lastfm_tag,0,0,no tags,True,1996.0,5247.0
tomorrow x together::cat & dog,TOMORROW X TOGETHER,Cat & Dog,lastfm_tag,0,0,no tags,True,2019.0,328358.0
이달의 소녀 오드아이써클::chaotic,이달의 소녀 오드아이써클,Chaotic,lastfm_tag,0,0,no tags,True,,4524.0
stray kids::charmer,Stray Kids,Charmer,lastfm_tag,0,0,no tags,True,2022.0,231169.0
tomorrow x together::chasing that feeling,TOMORROW X TOGETHER,Chasing That Feeling,lastfm_tag,10,7,has tags,True,2023.0,261610.0
twice::cheer up,TWICE,CHEER UP,lastfm_tag,10,8,has tags,True,2016.0,525665.0
seventeen::cheers,Seventeen,CHEERS,lastfm_tag,0,0,no tags,True,2022.0,201290.0
key::chemicals,Key,Chemicals,lastfm_tag,0,0,no tags,True,2018.0,25883.0
nct 127::cherry bomb,NCT 127,Cherry Bomb,lastfm_tag,10,6,has tags,True,2017.0,397143.0
stray kids::chk chk boom,Stray Kids,Chk Chk Boom,lastfm_tag,10,7,has tags,True,2024.0,400760.0
f(x)::chu~♡,f(x),Chu~♡,lastfm_tag,0,0,no tags,True,2009.0,109547.0
seventeen::circles,Seventeen,Circles,lastfm_tag,0,0,no tags,True,2024.0,81764.0
oh my girl::closer,OH MY GIRL,CLOSER,lastfm_tag,0,0,no tags,True,2015.0,97993.0
wjsn::closer to you,WJSN,Closer To You,lastfm_tag,0,0,no tags,True,2017.0,13284.0
fromis_9::clover,fromis_9,Clover,lastfm_tag,0,0,no tags,True,2018.0,26917.0
bts::coffee,BTS,Coffee,lastfm_tag,9,6,has tags,True,2013.0,430669.0
yuju::cold winter (feat. mad clown),Yuju,Cold Winter (feat. Mad Clown),lastfm_tag,0,0,no tags,True,,14351.0
shinee::colorful,SHINee,Colorful,lastfm_tag,0,0,no tags,True,2013.0,24084.0
oh my girl::coloring book,OH MY GIRL,Coloring Book,lastfm_tag,0,0,no tags,True,2017.0,27663.0
b.a.p::coma,B.A.P,COMA,lastfm_tag,0,0,no tags,False,2013.0,16529.0
2ne1::come back home,2NE1,COME BACK HOME,lastfm_tag,0,0,no tags,True,2014.0,187573.0
se7en::come back to me,SE7EN,Come Back To Me,lastfm_tag,0,0,no tags,True,2006.0,14414.0
aoa::come see me,AOA,Come See Me,lastfm_tag,0,0,no tags,True,2019.0,50472.0
stray kids::comflex,Stray Kids,COMFLEX,lastfm_tag,0,0,no tags,True,2023.0,121883.0
nmixx::cool (your rainbow),NMIXX,COOL (Your rainbow),lastfm_tag,0,0,no tags,True,2022.0,156557.0
newjeans::cool with you,NewJeans,Cool With You,lastfm_tag,10,7,has tags,True,2023.0,717315.0
red velvet::cosmic,Red Velvet,Cosmic,lastfm_tag,10,7,has tags,False,2024.0,381307.0
loossemble::cotton candy,Loossemble,cotton candy,lastfm_tag,0,0,no tags,True,2024.0,73579.0
blackpink::crazy over you,BLACKPINK,Crazy Over You,lastfm_tag,0,0,no tags,False,2020.0,341609.0
exid::cream,EXID,Cream,lastfm_tag,0,0,no tags,True,2016.0,27692.0
enhypen::criminal love,ENHYPEN,CRIMINAL LOVE,lastfm_tag,10,7,has tags,True,2023.0,210351.0
tomorrow x together::crown,TOMORROW X TOGETHER,CROWN,lastfm_tag,10,6,has tags,True,2019.0,358996.0
exo::crown,Exo,CROWN,lastfm_tag,0,0,no tags,True,2026.0,69476.0
twice::cruel,TWICE,CRUEL,lastfm_tag,0,0,no tags,True,2021.0,159942.0
아이오아이::crush,아이오아이,Crush,lastfm_tag,0,0,no tags,True,,842.0
t-ara::cry cry,T-ARA,Cry Cry,lastfm_tag,0,0,no tags,False,2011.0,58135.0
oh my girl::cupid,OH MY GIRL,CUPID,lastfm_tag,0,0,no tags,True,2015.0,28100.0
oh my girl::curious,OH MY GIRL,Curious,lastfm_tag,0,0,no tags,True,,5989.0
sonamoo::cushion,SONAMOO,Cushion,lastfm_tag,0,0,no tags,False,,9291.0
ateez::cyberpunk,ATEEZ,Cyberpunk,lastfm_tag,0,0,no tags,True,2022.0,160118.0
itzy::dalla dalla,ITZY,DALLA DALLA,lastfm_tag,10,8,has tags,True,2021.0,381283.0
twice::dance the night away,TWICE,Dance the Night Away,lastfm_tag,10,7,has tags,True,2018.0,505662.0
wei::dancing in the dark,WEi,Dancing In The Dark,lastfm_tag,0,0,no tags,True,2021.0,4892.0
소녀시대::dancing queen,소녀시대,Dancing Queen,lastfm_tag,0,0,no tags,True,2012.0,13795.0
f(x)::dangerous,f(x),Dangerous,lastfm_tag,0,0,no tags,True,2011.0,45272.0
shinee::dangerous (medusa ⅱ),SHINee,Dangerous (Medusa Ⅱ),lastfm_tag,0,0,no tags,True,2013.0,14237.0
t-ara::day by day,T-ARA,DAY BY DAY,lastfm_tag,0,0,no tags,True,2012.0,70114.0
exid::ddd,EXID,DDD,lastfm_tag,0,0,no tags,True,2020.0,190431.0
blackpink::ddu-du ddu-du,BLACKPINK,DDU-DU DDU-DU,lastfm_tag,10,6,has tags,False,2018.0,820907.0
mamamoo::decalcomanie,MAMAMOO,Decalcomanie,lastfm_tag,0,0,no tags,True,2016.0,29505.0
ateez::deja vu,ATEEZ,Deja Vu,lastfm_tag,0,0,no tags,True,2021.0,262282.0
tomorrow x together::deja vu,TOMORROW X TOGETHER,Deja Vu,lastfm_tag,10,7,has tags,False,2024.0,309927.0
sonamoo::deja vu,SONAMOO,Deja Vu,lastfm_tag,0,0,no tags,False,,13651.0
shinee::destination,SHINee,Destination,lastfm_tag,0,0,no tags,True,2013.0,18556.0
clc::devil,CLC,Devil,lastfm_tag,0,0,no tags,True,2019.0,168826.0
baekhyun::diamond,BAEKHYUN,Diamond,lastfm_tag,0,0,no tags,True,2019.0,59924.0
nu'est::different,NU'EST,Different,lastfm_tag,0,0,no tags,True,2019.0,6040.0
wei::diffuser,WEi,Diffuser,lastfm_tag,0,0,no tags,True,2021.0,7320.0
bts::dimple,BTS,Dimple,lastfm_tag,10,6,has tags,True,,671783.0
ze:a::dirty cat,ZE:A,Dirty Cat,lastfm_tag,0,0,no tags,True,2012.0,2613.0
aespa::dirty work,aespa,Dirty Work,lastfm_tag,10,8,has tags,False,2025.0,298570.0
stray kids::district 9,Stray Kids,District 9,lastfm_tag,0,0,no tags,True,2018.0,181299.0
after school::diva,After School,Diva,lastfm_tag,0,0,no tags,True,2009.0,64478.0
stray kids::divine,Stray Kids,DIVINE,lastfm_tag,9,7,has tags,True,,120787.0
iu::dlwlrma,IU,dlwlrma,lastfm_tag,0,0,no tags,True,,135132.0
sonamoo::do it like me,SONAMOO,Do it like me,lastfm_tag,0,0,no tags,False,,1605.0
2ne1::do you love me,2NE1,DO YOU LOVE ME,lastfm_tag,0,0,no tags,True,2013.0,37096.0
oh my girl::dolphin,OH MY GIRL,Dolphin,lastfm_tag,0,0,no tags,True,2020.0,208600.0
stray kids::domino,Stray Kids,DOMINO,lastfm_tag,0,0,no tags,True,2021.0,222576.0
pochonbo electronic ensemble::don't ask my name,Pochonbo Electronic Ensemble,Don't Ask My Name,lastfm_tag,0,0,no tags,False,2000.0,340.0
blackpink::don't know what to do,BLACKPINK,Don't Know What to Do,lastfm_tag,10,7,has tags,False,2019.0,421945.0
kard::don't recall,KARD,Don't Recall,lastfm_tag,0,0,no tags,True,2017.0,127604.0
seventeen::don't wanna cry,Seventeen,Don't Wanna Cry,lastfm_tag,0,0,no tags,True,,312414.0
girl's day::don’t be shy,Girl's Day,Don’t Be Shy,lastfm_tag,0,0,no tags,True,2017.0,7498.0
송지은::don’t look at me like that,송지은,Don’t Look At Me Like That,lastfm_tag,0,0,no tags,False,,213.0
jin::don’t say you love me,Jin,Don’t Say You Love Me,lastfm_tag,10,7,has tags,False,2025.0,301418.0
i.o.i::doo wap,I.O.I,Doo Wap,lastfm_tag,0,0,no tags,True,2016.0,10557.0
bts::dope,BTS,Dope,lastfm_tag,10,8,has tags,True,2025.0,636399.0
i.o.i::downpour,I.O.I,DOWNPOUR,lastfm_tag,0,0,no tags,True,,80170.0
f(x)::dracula,f(x),Dracula,lastfm_tag,0,0,no tags,True,2014.0,64962.0
aespa::drama,aespa,Drama,lastfm_tag,10,7,has tags,True,2023.0,685823.0
9muses::drama,9MUSES,DRAMA,lastfm_tag,0,0,no tags,True,2015.0,25031.0
monsta x::dramarama,MONSTA X,DRAMARAMA,lastfm_tag,0,0,no tags,True,2017.0,141970.0
real girls project::dream,Real Girls Project,Dream,lastfm_tag,0,0,no tags,True,2017.0,1961.0
shinee::dream girl,SHINee,Dream Girl,lastfm_tag,0,0,no tags,True,2013.0,78328.0
i.o.i::dream girls,I.O.I,Dream Girls,lastfm_tag,0,0,no tags,True,2016.0,34688.0
aespa::dreams come true,aespa,Dreams Come True,lastfm_tag,10,5,has tags,True,2021.0,326860.0
after school::dressing room,After School,Dressing Room,lastfm_tag,0,0,no tags,True,2013.0,23219.0
babymonster::drip,BABYMONSTER,DRIP,lastfm_tag,6,3,has tags,True,2024.0,229782.0
"stray kids::drive (bang chan, lee know)",Stray Kids,"Drive (Bang Chan, Lee Know)",lastfm_tag,0,0,no tags,True,,96597.0
apink::dumhdurum,Apink,Dumhdurum,lastfm_tag,0,0,no tags,True,2020.0,180668.0
everglow::dun dun,Everglow,DUN DUN,lastfm_tag,0,0,no tags,True,2020.0,369825.0
oh my girl::dun dun dance,OH MY GIRL,Dun Dun Dance,lastfm_tag,0,0,no tags,True,2021.0,181881.0
ateez::dune,ATEEZ,Dune,lastfm_tag,0,0,no tags,True,2023.0,92648.0
bts::dynamite,BTS,Dynamite,lastfm_tag,10,7,has tags,True,2020.0,1122567.0
jisoo::earthquake,JISOO,earthquake,lastfm_tag,10,7,has tags,True,2025.0,264394.0
stray kids::easy,Stray Kids,Easy,lastfm_tag,0,0,no tags,True,2020.0,201229.0
wjsn the black::easy,WJSN THE BLACK,Easy,lastfm_tag,0,0,no tags,True,,87052.0
key::easy to love,Key,Easy to Love,lastfm_tag,0,0,no tags,True,2018.0,17525.0
loona::eclipse,Loona,Eclipse,lastfm_tag,0,0,no tags,True,,190194.0
이달의 소녀::eclipse (prod. by daniel obi klein),이달의 소녀,Eclipse (Prod. by Daniel Obi Klein),lastfm_tag,0,0,no tags,False,,2473.0
looπδ::egoist (feat. 진솔) (olivia hye),LOOΠΔ,Egoist (feat. 진솔) (Olivia Hye),lastfm_tag,0,0,no tags,False,,1040.0
clc::eighteen,CLC,Eighteen,lastfm_tag,0,0,no tags,True,2015.0,9573.0
ive::either way,IVE,Either Way,lastfm_tag,0,0,no tags,True,2023.0,190239.0
f(x)::electric shock,f(x),Electric Shock,lastfm_tag,10,5,has tags,True,2012.0,237936.0
ive::eleven,IVE,ELEVEN,lastfm_tag,10,6,has tags,True,2021.0,513211.0
손담비::emergency call,손담비,Emergency Call,lastfm_tag,0,0,no tags,True,2012.0,1559.0
lovelyz::emotion,Lovelyz,Emotion,lastfm_tag,0,0,no tags,True,2017.0,8011.0
yuri::ending credit (to be continued),Yuri,Ending Credit (To be continued),lastfm_tag,0,0,no tags,True,2018.0,4299.0
f(x)::ending page,f(x),Ending Page,lastfm_tag,0,0,no tags,True,2013.0,44694.0
wanna one::energetic,Wanna One,Energetic,lastfm_tag,0,0,no tags,True,2017.0,243502.0
uniq::eoeo,UNIQ,EOEO,lastfm_tag,0,0,no tags,True,2015.0,49575.0
bts::epilogue: young forever,BTS,EPILOGUE: Young Forever,lastfm_tag,9,6,has tags,True,,420666.0
stray kids::escape (bang chan & hyunjin),Stray Kids,ESCAPE (Bang Chan & Hyunjin),lastfm_tag,0,0,no tags,True,,102019.0
fromis_9::escape room,fromis_9,Escape Room,lastfm_tag,0,0,no tags,True,2022.0,98997.0
조규현::eternal sunshine,조규현,Eternal Sunshine,lastfm_tag,0,0,no tags,False,,621.0
billlie::eunoia,Billlie,EUNOIA,lastfm_tag,0,0,no tags,True,2023.0,121074.0
shinee::everybody,SHINee,Everybody,lastfm_tag,0,0,no tags,True,2015.0,65875.0
shinee::evil,SHINee,Evil,lastfm_tag,0,0,no tags,True,2013.0,29932.0
bestie::excuse me,BESTie,Excuse Me,lastfm_tag,0,0,no tags,True,2015.0,34297.0
shinee::excuse me miss,SHINee,Excuse Me Miss,lastfm_tag,0,0,no tags,True,2013.0,41034.0
twice::eye eye eyes,TWICE,EYE EYE EYES,lastfm_tag,0,0,no tags,True,2017.0,106849.0
victon::eyez eyez,VICTON,Eyez Eyez,lastfm_tag,0,0,no tags,True,2017.0,8907.0
nu'est::face,NU'EST,FACE,lastfm_tag,0,0,no tags,True,2012.0,89253.0
bts::fake love (rocking vibe mix),BTS,FAKE LOVE (Rocking Vibe Mix),lastfm_tag,0,0,no tags,True,2018.0,891520.0
2ne1::falling in love,2NE1,Falling in Love,lastfm_tag,0,0,no tags,True,2013.0,63942.0
송지은::false hope,송지은,False Hope,lastfm_tag,0,0,no tags,False,,98.0
epik high::fan,Epik High,Fan,lastfm_tag,0,0,no tags,True,2007.0,27007.0
weki meki::fantastic,Weki Meki,Fantastic,lastfm_tag,0,0,no tags,True,2017.0,11587.0
bigbang::fantastic baby,Bigbang,FANTASTIC BABY,lastfm_tag,10,6,has tags,True,2013.0,291956.0
jbj::fantasy,JBJ,Fantasy,lastfm_tag,0,0,no tags,True,2017.0,24048.0
"tomorrow x together::farewell, neverland",TOMORROW X TOGETHER,"Farewell, Neverland",lastfm_tag,0,0,no tags,True,2023.0,231913.0
looπδ::favorite,LOOΠΔ,favOriTe,lastfm_tag,0,0,no tags,True,,38317.0
seventeen::fear,Seventeen,Fear,lastfm_tag,0,0,no tags,True,2019.0,173823.0
red velvet::feel my rhythm,Red Velvet,Feel My Rhythm,lastfm_tag,10,7,has tags,True,2022.0,395440.0
enhypen::fever,ENHYPEN,FEVER,lastfm_tag,10,9,has tags,True,2021.0,628196.0
beast::fiction,Beast,Fiction,lastfm_tag,0,0,no tags,True,2011.0,133413.0
bss::fighting (feat. lee young ji),BSS,Fighting (feat. Lee Young Ji),lastfm_tag,0,0,no tags,True,2023.0,238546.0
bts::filter,BTS,Filter,lastfm_tag,10,6,has tags,True,2020.0,570283.0
mamamoo::finally,MAMAMOO,Finally,lastfm_tag,0,0,no tags,False,2017.0,17489.0
taeyeon::fine,TAEYEON,Fine,lastfm_tag,0,0,no tags,True,2017.0,219124.0
nu'est::fine,NU'EST,Fine,lastfm_tag,0,0,no tags,True,2013.0,7959.0
2ne1::fire,2NE1,Fire,lastfm_tag,0,0,no tags,True,2009.0,205443.0
bts::fire,BTS,Fire,lastfm_tag,0,0,no tags,True,2016.0,55525.0
le sserafim::fire in the belly,LE SSERAFIM,Fire in the belly,lastfm_tag,0,0,no tags,True,2023.0,222162.0
nu'est::firework,NU'EST,Firework,lastfm_tag,0,0,no tags,True,2020.0,6468.0
ateez::fireworks (i'm the one),ATEEZ,Fireworks (I'm The One),lastfm_tag,0,0,no tags,True,2021.0,200888.0
bts::first love,BTS,First Love,lastfm_tag,10,9,has tags,True,2016.0,320868.0
hello venus::first love,HELLO VENUS,First Love,lastfm_tag,0,0,no tags,False,,2981.0
lovelyz::first snow,Lovelyz,First Snow,lastfm_tag,0,0,no tags,True,,8256.0
le sserafim::flash forward,LE SSERAFIM,Flash Forward,lastfm_tag,0,0,no tags,True,2023.0,208569.0
"zelo::flash, party!",ZELO,"Flash, Party!",lastfm_tag,0,0,no tags,True,2019.0,3294.0
after school::flashback,After School,Flashback,lastfm_tag,0,0,no tags,True,2012.0,51480.0
got7::fly,GOT7,Fly,lastfm_tag,0,0,no tags,True,2016.0,77295.0
kara::follow me,Kara,Follow Me,lastfm_tag,0,0,no tags,True,2013.0,9452.0
wjsn::follow me,WJSN,Follow Me,lastfm_tag,0,0,no tags,True,2017.0,14134.0
winner::fool,Winner,FOOL,lastfm_tag,0,0,no tags,True,2017.0,58148.0
babymonster::forever,BABYMONSTER,FOREVER,lastfm_tag,10,7,has tags,True,2024.0,208983.0
exo::forever,Exo,Forever,lastfm_tag,0,0,no tags,True,2017.0,92882.0
girls' generation::forever 1,Girls' Generation,FOREVER 1,lastfm_tag,0,0,no tags,True,2022.0,247620.0
boa::freak in me,Boa,Freak In Me,lastfm_tag,0,0,no tags,True,2005.0,7691.0
luna::free somebody,Luna,Free Somebody,lastfm_tag,0,0,no tags,True,2016.0,104630.0
momoland::freeze,MOMOLAND,Freeze,lastfm_tag,0,0,no tags,True,2018.0,27986.0
sonamoo::friday night,SONAMOO,Friday Night,lastfm_tag,0,0,no tags,True,,14240.0
clc::friend lover zone,CLC,Friend Lover Zone,lastfm_tag,0,0,no tags,True,,5304.0
tomorrow x together::frost,TOMORROW X TOGETHER,Frost,lastfm_tag,0,0,no tags,True,2021.0,215111.0
iu::full stop,IU,Full Stop,lastfm_tag,0,0,no tags,True,,45109.0
bigbang::fxxk it,Bigbang,FXXK IT,lastfm_tag,0,0,no tags,True,2017.0,219738.0
super junior::game,SUPER JUNIOR,GAME,lastfm_tag,0,0,no tags,True,2019.0,5195.0
noir::gangsta,Noir,Gangsta,lastfm_tag,0,0,no tags,True,2018.0,4456.0
cravity::gas pedal,CRAVITY,Gas Pedal,lastfm_tag,0,0,no tags,True,2021.0,22276.0
sunmi::gashina,SUNMI,Gashina,lastfm_tag,0,0,no tags,True,,384585.0
소녀시대::gee,소녀시대,Gee,lastfm_tag,0,0,no tags,True,2009.0,66204.0
wjsn::geeminy,WJSN,Geeminy,lastfm_tag,0,0,no tags,True,2017.0,15454.0
triples::generation,tripleS,Generation,lastfm_tag,0,0,no tags,True,2022.0,249162.0
소녀시대::genie,소녀시대,GENIE,lastfm_tag,0,0,no tags,True,2009.0,11743.0
teen top::get crazy,TEEN TOP,Get Crazy,lastfm_tag,0,0,no tags,True,2013.0,3366.0
pristin v::get it,PRISTIN V,Get It,lastfm_tag,0,0,no tags,True,2018.0,179305.0
got7::gimme,GOT7,Gimme,lastfm_tag,0,0,no tags,True,2014.0,16573.0
looπδ / odd eye circle::girl front,LOOΠΔ / ODD EYE CIRCLE,Girl Front,lastfm_tag,10,6,has tags,True,,281279.0
이달의 소녀 오드아이써클::girl front,이달의 소녀 오드아이써클,Girl Front,lastfm_tag,0,0,no tags,True,,8993.0
triple h::girl girl girl,Triple H,GIRL GIRL GIRL,lastfm_tag,0,0,no tags,False,2017.0,14588.0
aespa::girls,aespa,Girls,lastfm_tag,10,8,has tags,True,2022.0,377336.0
got7::girls girls girls,GOT7,Girls Girls Girls,lastfm_tag,0,0,no tags,True,2014.0,85359.0
"shinee::girls, girls, girls",SHINee,"Girls, Girls, Girls",lastfm_tag,0,0,no tags,True,2013.0,25199.0
loossemble::girls’ night,Loossemble,Girls’ Night,lastfm_tag,0,0,no tags,True,2024.0,97686.0
sistar::give it to me,SISTAR,Give It To Me,lastfm_tag,0,0,no tags,True,2013.0,147018.0
lay::give me a chance,LAY,Give Me a Chance,lastfm_tag,0,0,no tags,True,2018.0,15546.0
enhypen::given-taken,ENHYPEN,Given-Taken,lastfm_tag,10,9,has tags,True,2020.0,467403.0
nct dream::glitch mode,NCT DREAM,Glitch Mode,lastfm_tag,0,0,no tags,True,2022.0,155327.0
rescene::glow up,RESCENE,Glow Up,lastfm_tag,0,0,no tags,True,2025.0,89442.0
2ne1::go away,2NE1,Go Away,lastfm_tag,0,0,no tags,True,2011.0,95426.0
bts::go go,BTS,Go Go,lastfm_tag,10,8,has tags,False,2018.0,554790.0
cravity::go go,CRAVITY,GO GO,lastfm_tag,0,0,no tags,True,2021.0,11002.0
seventeen::god of music,Seventeen,God of Music,lastfm_tag,0,0,no tags,True,2023.0,168832.0
stray kids::god’s menu,Stray Kids,God’s Menu,lastfm_tag,10,6,has tags,True,2020.0,592612.0
mamamoo::gogobebe,MAMAMOO,gogobebe,lastfm_tag,0,0,no tags,True,2019.0,259313.0
huntr/x::golden,HUNTR/X,Golden,lastfm_tag,10,7,has tags,True,2025.0,1122042.0
gd x taeyang::good boy,GD X TAEYANG,GOOD BOY,lastfm_tag,0,0,no tags,True,2014.0,169046.0
nu'est::good bye bye,NU'EST,Good Bye Bye,lastfm_tag,0,0,no tags,True,2014.0,15323.0
iu::good day,IU,Good Day,lastfm_tag,0,0,no tags,True,2011.0,156623.0
key::good good,Key,Good Good,lastfm_tag,0,0,no tags,True,2018.0,24219.0
zerobaseone::good night,ZEROBASEONE,Good Night,lastfm_tag,0,0,no tags,True,2023.0,46508.0
dreamcatcher::good night,Dreamcatcher,GOOD NIGHT,lastfm_tag,0,0,no tags,False,2017.0,94718.0
lovelyz::good night like yesterday,Lovelyz,Good Night Like Yesterday,lastfm_tag,0,0,no tags,True,,12427.0
le sserafim::good parts (when the quality is bad but i am),LE SSERAFIM,Good Parts (when the quality is bad but I am),lastfm_tag,0,0,no tags,True,2022.0,324515.0
miss a::good-bye baby,miss A,Good-bye Baby,lastfm_tag,0,0,no tags,True,2011.0,136482.0
vav::gorgeous,VAV,Gorgeous,lastfm_tag,0,0,no tags,True,2018.0,16528.0
pentagon::gorilla,Pentagon,Gorilla,lastfm_tag,0,0,no tags,True,2016.0,35154.0
rainbow::gossip girl,Rainbow,Gossip Girl,lastfm_tag,0,0,no tags,True,2012.0,10745.0
twice::got the thrills,TWICE,GOT THE THRILLS,lastfm_tag,0,0,no tags,True,2023.0,132762.0
chung ha::gotta go,CHUNG HA,Gotta Go,lastfm_tag,0,0,no tags,True,,321645.0
soyou::gotta go,SOYOU,GOTTA GO,lastfm_tag,0,0,no tags,True,2020.0,21665.0
cravity::groovy,CRAVITY,Groovy,lastfm_tag,0,0,no tags,True,2023.0,43677.0
9muses::gun,9MUSES,GUN,lastfm_tag,0,0,no tags,True,2013.0,26132.0
ateez::halazia,ATEEZ,HALAZIA,lastfm_tag,10,7,has tags,True,2022.0,228417.0
stray kids::hall of fame,Stray Kids,Hall of Fame,lastfm_tag,0,0,no tags,True,2023.0,157404.0
2pm::hands up,2PM,Hands Up,lastfm_tag,0,0,no tags,True,2011.0,96030.0
red velvet::happily ever after,Red Velvet,Happily Ever After,lastfm_tag,0,0,no tags,True,2017.0,66734.0
stray kids::happy (han),Stray Kids,HaPpY (HAN),lastfm_tag,0,0,no tags,True,,52051.0
kara::happy hour,Kara,Happy Hour,lastfm_tag,0,0,no tags,True,2022.0,8303.0
blackpink::hard to love,BLACKPINK,Hard To Love,lastfm_tag,0,0,no tags,False,2022.0,371246.0
bigbang::haru haru,Bigbang,Haru Haru,lastfm_tag,0,0,no tags,True,2008.0,175344.0
4minute::hate,4minute,Hate,lastfm_tag,0,0,no tags,True,2016.0,131834.0
2ne1::hate you,2NE1,Hate You,lastfm_tag,0,0,no tags,True,2011.0,76945.0
aoa::heart attack,AOA,Heart Attack,lastfm_tag,0,0,no tags,True,2015.0,157288.0
loona::heart attack (츄),Loona,Heart Attack (츄),lastfm_tag,10,7,has tags,True,,496555.0
sunmi::heart burn,SUNMI,Heart Burn,lastfm_tag,0,0,no tags,False,2022.0,194231.0
twice::heart shaker,TWICE,Heart Shaker,lastfm_tag,0,0,no tags,True,2017.0,335120.0
2pm::heartbeat,2PM,Heartbeat,lastfm_tag,0,0,no tags,True,2009.0,99010.0
g-dragon::heartbreaker,G-DRAGON,Heartbreaker,lastfm_tag,0,0,no tags,True,2009.0,75015.0
에일리::heaven,에일리,Heaven,lastfm_tag,0,0,no tags,True,,12851.0
clc::helicopter - english version,CLC,HELICOPTER - English Version,lastfm_tag,0,0,no tags,True,,19454.0
stray kids::hellevator,Stray Kids,Hellevator,lastfm_tag,0,0,no tags,True,2017.0,214915.0
shinee::hello,SHINee,Hello,lastfm_tag,0,0,no tags,True,2010.0,85035.0
joy::hello,Joy,Hello,lastfm_tag,0,0,no tags,True,1986.0,260023.0
treasure::hello,Treasure,HELLO,lastfm_tag,0,0,no tags,True,2022.0,106700.0
nu'est w::help me,NU'EST W,HELP ME,lastfm_tag,0,0,no tags,True,2018.0,30181.0
block b::her,Block B,HER,lastfm_tag,0,0,no tags,True,2014.0,176665.0
monsta x::hero,MONSTA X,HERO,lastfm_tag,0,0,no tags,True,2015.0,177691.0
sunmi::heroine,SUNMI,Heroine,lastfm_tag,0,0,no tags,True,,199467.0
lovelyz::hide and seek,Lovelyz,Hide and Seek,lastfm_tag,0,0,no tags,True,,6278.0
clc::high heels,CLC,High Heels,lastfm_tag,0,0,no tags,True,2016.0,14024.0
gd&top::high high,GD&TOP,HIGH HIGH,lastfm_tag,0,0,no tags,True,2010.0,72449.0
nmixx::high horse,NMIXX,High Horse,lastfm_tag,10,8,has tags,True,2025.0,109791.0
mamamoo::hip,MAMAMOO,HIP,lastfm_tag,10,6,has tags,True,2019.0,497156.0
exo-k::history,EXO-K,HISTORY,lastfm_tag,0,0,no tags,True,2012.0,115909.0
clc::hobgoblin,CLC,Hobgoblin,lastfm_tag,0,0,no tags,True,,182842.0
rainbow pixie::hoi hoi,Rainbow Pixie,Hoi Hoi,lastfm_tag,0,0,no tags,True,2012.0,2301.0
kard::hola hola,KARD,Hola Hola,lastfm_tag,0,0,no tags,True,2017.0,110865.0
i.o.i::hold on,I.O.I,Hold On,lastfm_tag,0,0,no tags,True,,24620.0
aespa::hold on tight,aespa,Hold On Tight,lastfm_tag,10,7,has tags,True,2023.0,481019.0
clc::hold your hand,CLC,Hold Your Hand,lastfm_tag,0,0,no tags,True,,8539.0
소녀시대::holiday,소녀시대,Holiday,lastfm_tag,0,0,no tags,True,,4851.0
t-ara::holiday,T-ARA,HOLIDAY,lastfm_tag,0,0,no tags,True,2012.0,10774.0
bts::home,BTS,HOME,lastfm_tag,10,6,has tags,True,2017.0,607567.0
key::honest,Key,Honest,lastfm_tag,0,0,no tags,True,2018.0,25177.0
riize::honestly,RIIZE,Honestly,lastfm_tag,0,0,no tags,False,2024.0,60399.0
kara::honey,Kara,Honey,lastfm_tag,0,0,no tags,True,2010.0,76558.0
b.a.p::honeymoon,B.A.P,HONEYMOON,lastfm_tag,0,0,no tags,True,2017.0,35559.0
소녀시대::hoot,소녀시대,Hoot,lastfm_tag,0,0,no tags,True,2010.0,7474.0
twice::hot,TWICE,HOT,lastfm_tag,0,0,no tags,True,2019.0,117338.0
ariaz::hot & cold (2021),ARIAZ,Hot & Cold (2021),lastfm_tag,0,0,no tags,True,2021.0,5070.0
4minute::hot issue,4minute,Hot Issue,lastfm_tag,0,0,no tags,True,2009.0,123838.0
exid::hot pink,EXID,Hot Pink,lastfm_tag,0,0,no tags,True,2015.0,103860.0
f(x)::hot summer,f(x),Hot Summer,lastfm_tag,10,5,has tags,True,2011.0,172616.0
s.m. the ballad::hot times (시험하지 말기),S.M. THE BALLAD,Hot Times (시험하지 말기),lastfm_tag,0,0,no tags,True,2010.0,10676.0
huntr/x::how it’s done,HUNTR/X,How It’s Done,lastfm_tag,10,7,has tags,True,2025.0,609840.0
newjeans::how sweet,NewJeans,How Sweet,lastfm_tag,10,6,has tags,True,2024.0,661133.0
exid::how why,EXID,How Why,lastfm_tag,0,0,no tags,True,2017.0,23050.0
t-ara::hue,T-ARA,HUE,lastfm_tag,0,0,no tags,True,2012.0,9115.0
4minute::huh,4minute,HUH,lastfm_tag,0,0,no tags,True,2010.0,60622.0
b.a.p::hurricane,B.A.P,Hurricane,lastfm_tag,0,0,no tags,True,2013.0,18910.0
miss a::hush,miss A,Hush,lastfm_tag,10,5,has tags,True,2013.0,205891.0
kiiikiii::i do me,KiiiKiii,I DO ME,lastfm_tag,10,7,has tags,True,2025.0,121695.0
2ne1::i don't care,2NE1,I Don't Care,lastfm_tag,0,0,no tags,True,2009.0,110176.0
exid::i feel good,EXID,I Feel Good,lastfm_tag,0,0,no tags,True,2012.0,31442.0
소녀시대::i got a boy,소녀시대,I Got a Boy,lastfm_tag,0,0,no tags,True,2013.0,24091.0
boa::i kiss,Boa,I Kiss,lastfm_tag,0,0,no tags,True,2004.0,5904.0
현아::i like (feat. flowsik of aziatix),현아,I Like (Feat. Flowsik Of Aziatix),lastfm_tag,0,0,no tags,False,2013.0,1877.0
stray kids::i like it,Stray Kids,I Like It,lastfm_tag,10,6,has tags,True,2024.0,238423.0
clc::i like it,CLC,I LIKE IT,lastfm_tag,0,0,no tags,True,2017.0,41227.0
exid::i love you,EXID,I Love You,lastfm_tag,0,0,no tags,True,2020.0,181232.0
2ne1::i love you,2NE1,I Love You,lastfm_tag,0,0,no tags,True,2012.0,94285.0
psy::i luv it,Psy,I Luv It,lastfm_tag,0,0,no tags,True,2017.0,93894.0
clc::i mean that,CLC,I Mean That,lastfm_tag,0,0,no tags,True,,15302.0
태양::i need a girl (feat. g-dragon),태양,I Need A Girl (feat. G-Dragon),lastfm_tag,0,0,no tags,True,2010.0,14568.0
sonamoo::i think i love u,SONAMOO,I Think I Love U,lastfm_tag,0,0,no tags,False,,5749.0
huh yunjin::i ≠ doll,HUH YUNJIN,I ≠ DOLL,lastfm_tag,0,0,no tags,True,2023.0,155313.0
2pm::i'll be back,2PM,I'll Be Back,lastfm_tag,0,0,no tags,True,2010.0,49200.0
hi suhyun::i'm different (feat. bobby),HI SUHYUN,I'm Different (feat. Bobby),lastfm_tag,0,0,no tags,False,2018.0,3371.0
bts::i'm fine,BTS,I'm Fine,lastfm_tag,10,7,has tags,True,2018.0,407906.0
dean::i'm not sorry,Dean,I'm Not Sorry,lastfm_tag,0,0,no tags,True,2015.0,174211.0
xlov::i'mma be,XLOV,I'mma Be,lastfm_tag,0,0,no tags,True,2025.0,116773.0
현아::ice cream (feat. maboos),현아,Ice Cream (feat. Maboos),lastfm_tag,0,0,no tags,True,,9127.0
blackpink::ice cream (with selena gomez),BLACKPINK,Ice Cream (with Selena Gomez),lastfm_tag,0,0,no tags,False,,580864.0
red velvet::ice cream cake,Red Velvet,Ice Cream Cake,lastfm_tag,10,8,has tags,True,2015.0,320835.0
twice::icon,TWICE,ICON,lastfm_tag,0,0,no tags,True,2021.0,206406.0
zelo::idc,ZELO,IDC,lastfm_tag,0,0,no tags,True,2019.0,1368.0
bonusbaby::if i become an adult,BONUSbaby,If I Become An Adult,lastfm_tag,0,0,no tags,True,2017.0,2964.0
bigbang::if you,Bigbang,IF YOU,lastfm_tag,0,0,no tags,True,2016.0,153176.0
ateez::illusion,ATEEZ,Illusion,lastfm_tag,0,0,no tags,False,2019.0,105058.0
btob::imagine,BTOB,Imagine,lastfm_tag,0,0,no tags,True,2012.0,12267.0
key::imagine,Key,Imagine,lastfm_tag,0,0,no tags,True,2018.0,22832.0
zerobaseone::in bloom,ZEROBASEONE,In Bloom,lastfm_tag,0,0,no tags,True,2023.0,233490.0
oh my girl::in my dreams,OH MY GIRL,In My Dreams,lastfm_tag,0,0,no tags,True,2017.0,7871.0
rescene::in my lotion,RESCENE,In my lotion,lastfm_tag,0,0,no tags,True,2025.0,60505.0
dreamcatcher::in the frozen,Dreamcatcher,In the Frozen,lastfm_tag,0,0,no tags,False,2020.0,56547.0
itzy::in the morning,ITZY,In the morning,lastfm_tag,0,0,no tags,True,2021.0,406145.0
ateez::in your fantasy,ATEEZ,In Your Fantasy,lastfm_tag,10,7,has tags,True,2025.0,187695.0
ateez::inception,ATEEZ,INCEPTION,lastfm_tag,0,0,no tags,True,2020.0,207921.0
소녀시대::into the new world,소녀시대,Into The New World,lastfm_tag,0,0,no tags,True,2007.0,6913.0
noir::intro,Noir,Intro,lastfm_tag,0,0,no tags,False,2018.0,1757.0
nct::intro: neo got my back,NCT,INTRO: Neo Got My Back,lastfm_tag,0,0,no tags,True,2018.0,98552.0
taeyeon::invu,TAEYEON,INVU,lastfm_tag,0,0,no tags,True,2022.0,306478.0
wonder girls::irony,Wonder Girls,Irony,lastfm_tag,0,0,no tags,True,2007.0,64118.0
lee hi::it's over,LEE HI,It's Over,lastfm_tag,0,0,no tags,True,2013.0,5195.0
"ateez::it's you (yeosang, san, wooyoung)",ATEEZ,"IT's You (YEOSANG, SAN, WOOYOUNG)",lastfm_tag,0,0,no tags,True,,104364.0
stray kids::item,Stray Kids,ITEM,lastfm_tag,0,0,no tags,True,2023.0,139964.0
chung ha::i’m ready,CHUNG HA,I’m Ready,lastfm_tag,0,0,no tags,True,2024.0,97435.0
red velvet::jackpot,Red Velvet,Jackpot,lastfm_tag,0,0,no tags,True,2022.0,38943.0
bts::jamais vu,BTS,Jamais Vu,lastfm_tag,10,6,has tags,True,2019.0,472537.0
boyfriend::janus,Boyfriend,JANUS,lastfm_tag,0,0,no tags,True,2012.0,18138.0
treasure::jikjin,Treasure,JIKJIN,lastfm_tag,0,0,no tags,True,2022.0,194174.0
momoland::jjan! koong! kwang!,MOMOLAND,JJan! Koong! Kwang!,lastfm_tag,0,0,no tags,True,2018.0,17333.0
aoa::joa yo!,AOA,Joa Yo!,lastfm_tag,0,0,no tags,True,2014.0,12739.0
shinee::jojo,SHINee,JoJo,lastfm_tag,0,0,no tags,True,2009.0,41566.0
shinee::juliette,SHINee,JULIETTE,lastfm_tag,0,0,no tags,True,2011.0,78965.0
rainz::juliette,RAINZ,Juliette,lastfm_tag,0,0,no tags,True,2017.0,3558.0
cravity::jumper,CRAVITY,JUMPER,lastfm_tag,0,0,no tags,True,2020.0,20427.0
dreamcatcher::justice,Dreamcatcher,JUSTICE,lastfm_tag,0,0,no tags,False,2024.0,73498.0
b.i::keep me up,B.I,Keep me up,lastfm_tag,0,0,no tags,False,2022.0,79071.0
luna::keep on doin',Luna,Keep On Doin',lastfm_tag,0,0,no tags,True,2016.0,36282.0
f(x)::kick,f(x),Kick,lastfm_tag,0,0,no tags,True,2013.0,56605.0
blackpink::kick it,BLACKPINK,Kick It,lastfm_tag,0,0,no tags,False,2019.0,280029.0
brown eyed girls::kill bill,Brown Eyed Girls,Kill Bill,lastfm_tag,0,0,no tags,True,2013.0,77481.0
ikon::killing me,Ikon,KILLING ME,lastfm_tag,0,0,no tags,True,2018.0,198414.0
hello venus::kiss me,HELLO VENUS,Kiss Me,lastfm_tag,0,0,no tags,True,,2197.0
wjsn::kiss me,WJSN,KISS ME,lastfm_tag,0,0,no tags,True,2016.0,14366.0
소녀시대::kissing you,소녀시대,Kissing You,lastfm_tag,0,0,no tags,True,2008.0,20846.0
twice::knock knock,TWICE,KNOCK KNOCK,lastfm_tag,0,0,no tags,True,2017.0,297404.0
lovelyz::knock knock,Lovelyz,Knock Knock,lastfm_tag,0,0,no tags,True,,5611.0
i.o.i::knock knock knock,I.O.I,Knock Knock Knock,lastfm_tag,0,0,no tags,True,,12237.0
exo::ko ko bop,Exo,Ko Ko Bop,lastfm_tag,0,0,no tags,True,2017.0,361189.0
exid::l.i.e,EXID,L.I.E,lastfm_tag,0,0,no tags,True,2016.0,95684.0
park ji hoon::l.o.v.e,Park Ji Hoon,L.O.V.E,lastfm_tag,0,0,no tags,True,2019.0,21666.0
f(x)::la cha ta,f(x),LA chA TA,lastfm_tag,0,0,no tags,True,2009.0,76542.0
비::la song,비,La Song,lastfm_tag,0,0,no tags,True,,2339.0
iz*one::la vie en rose,IZ*ONE,La Vie en Rose,lastfm_tag,0,0,no tags,True,2018.0,351286.0
gfriend::labyrinth,GFRIEND,Labyrinth,lastfm_tag,0,0,no tags,True,2020.0,69356.0
stray kids::lalalala,Stray Kids,LALALALA,lastfm_tag,10,6,has tags,True,2023.0,370471.0
april::lalalilala,April,LALALILALA,lastfm_tag,0,0,no tags,True,2020.0,77447.0
bigbang::last dance,Bigbang,LAST DANCE,lastfm_tag,0,0,no tags,True,2016.0,102309.0
enhypen::let me in (20 cube),ENHYPEN,Let Me In (20 CUBE),lastfm_tag,0,0,no tags,True,2020.0,222514.0
bts::let me know,BTS,Let Me Know,lastfm_tag,10,5,has tags,True,2014.0,361729.0
clc::liar,CLC,Liar,lastfm_tag,0,0,no tags,True,2017.0,41767.0
oh my girl::liar liar,OH MY GIRL,LIAR LIAR,lastfm_tag,0,0,no tags,True,2016.0,56153.0
bts::lie,BTS,Lie,lastfm_tag,10,6,has tags,True,2016.0,503330.0
bts::life goes on,BTS,Life Goes On,lastfm_tag,10,8,has tags,True,2020.0,624313.0
exo::lightsaber,Exo,LIGHTSABER,lastfm_tag,0,0,no tags,True,2015.0,71970.0
aoa::like a cat,AOA,Like a Cat,lastfm_tag,0,0,no tags,True,2015.0,201241.0
black6ix::like a flower,BLACK6IX,Like a Flower,lastfm_tag,0,0,no tags,True,2017.0,5559.0
twice::like it like it,TWICE,Like It Like It,lastfm_tag,0,0,no tags,False,2024.0,124365.0
wonder girls::like this,Wonder Girls,Like This,lastfm_tag,0,0,no tags,True,2012.0,46184.0
iu::lilac,IU,LILAC,lastfm_tag,10,8,has tags,True,,512847.0
girls' generation-oh!gg::lil’ touch,Girls' Generation-Oh!GG,Lil’ Touch,lastfm_tag,0,0,no tags,True,2018.0,184939.0
stray kids::limbo (lee know),Stray Kids,Limbo (Lee Know),lastfm_tag,0,0,no tags,True,,79847.0
hyuna::lip & hip,HyunA,Lip & Hip,lastfm_tag,0,0,no tags,True,2017.0,188811.0
favorite::loca,Favorite,LOCA,lastfm_tag,0,0,no tags,True,2019.0,29651.0
itzy::loco,ITZY,LOCO,lastfm_tag,10,6,has tags,True,2021.0,480450.0
2ne1::lollipop,2NE1,Lollipop,lastfm_tag,0,0,no tags,True,2009.0,40388.0
2ne1::lonely,2NE1,Lonely,lastfm_tag,0,0,no tags,True,2011.0,129834.0
hyolyn::lonely,HYOLYN,Lonely,lastfm_tag,0,0,no tags,True,2013.0,6870.0
이달의 소녀 오드아이써클::loonatic,이달의 소녀 오드아이써클,LOONATIC,lastfm_tag,0,0,no tags,True,,5873.0
bts::lost,BTS,Lost,lastfm_tag,10,7,has tags,True,2016.0,388468.0
pentagon::lost paradise (hip hop unit),Pentagon,Lost Paradise (Hip Hop Unit),lastfm_tag,0,0,no tags,True,,12774.0
exo::lotto,Exo,Lotto,lastfm_tag,0,0,no tags,True,2016.0,297614.0
bts::louder than bombs,BTS,Louder than bombs,lastfm_tag,10,7,has tags,True,2020.0,459921.0
riize::love 119,RIIZE,Love 119,lastfm_tag,0,0,no tags,False,2024.0,174688.0
girl's day::love again,Girl's Day,Love Again,lastfm_tag,0,0,no tags,True,2017.0,11399.0
iu::love alone,IU,Love Alone,lastfm_tag,0,0,no tags,True,,46067.0
hello venus::love appeal,HELLO VENUS,Love Appeal,lastfm_tag,0,0,no tags,True,,5119.0
k.will::love blossom (러브블러썸),K.Will,Love Blossom (러브블러썸),lastfm_tag,0,0,no tags,True,2013.0,1528.0
fromis 9::love bomb,fromis 9,Love Bomb,lastfm_tag,0,0,no tags,True,,2404.0
sonamoo::love call,SONAMOO,Love Call,lastfm_tag,0,0,no tags,False,,2727.0
cnblue::love cut,CNBLUE,Love Cut,lastfm_tag,0,0,no tags,True,2021.0,13714.0
laboum::love game,LABOUM,Love Game,lastfm_tag,0,0,no tags,True,2018.0,8980.0
nmixx::love is lonely,NMIXX,Love Is Lonely,lastfm_tag,0,0,no tags,True,2024.0,68415.0
박장현 & 박현규::love is...,박장현 & 박현규,Love Is...,lastfm_tag,0,0,no tags,False,2013.0,612.0
ss501::love like this (네게로),SS501,Love Like This (네게로),lastfm_tag,0,0,no tags,True,2009.0,11022.0
cravity::love or die,CRAVITY,Love or Die,lastfm_tag,0,0,no tags,True,2024.0,40449.0
nu'est::love paint (every afternoon),NU'EST,Love Paint (every afternoon),lastfm_tag,0,0,no tags,True,2016.0,23835.0
ikon::love scenario,Ikon,LOVE SCENARIO,lastfm_tag,10,6,has tags,True,2018.0,460156.0
tahiti::love sick,Tahiti,Love Sick,lastfm_tag,0,0,no tags,True,2013.0,5759.0
momoland::love sick,MOMOLAND,love sick,lastfm_tag,0,0,no tags,True,,5304.0
cherry bullet::love so sweet,Cherry Bullet,Love So Sweet,lastfm_tag,0,0,no tags,True,2021.0,124621.0
nct 127::love song,NCT 127,Love Song,lastfm_tag,0,0,no tags,False,2020.0,103153.0
ss501::love ya,SS501,Love Ya,lastfm_tag,0,0,no tags,True,2010.0,33857.0
taeyeon::love you like crazy,TAEYEON,Love You Like Crazy,lastfm_tag,0,0,no tags,True,2019.0,45564.0
holland::loved you better (feat. issac hong),Holland,LOVED YOU BETTER (feat. Issac Hong),lastfm_tag,0,0,no tags,True,2019.0,4294.0
april::lovesick,April,LOVESICK,lastfm_tag,0,0,no tags,True,2017.0,6157.0
t-ara::lovey-dovey,T-ARA,Lovey-Dovey,lastfm_tag,0,0,no tags,True,2012.0,64354.0
shinee::lucifer,SHINee,LUCIFER,lastfm_tag,10,7,has tags,True,2011.0,296870.0
pentagon::lucky,Pentagon,Lucky,lastfm_tag,0,0,no tags,True,2017.0,6802.0
illit::lucky girl syndrome,ILLIT,Lucky Girl Syndrome,lastfm_tag,10,8,has tags,True,2024.0,447745.0
pentagon::lukewarm,Pentagon,Lukewarm,lastfm_tag,0,0,no tags,True,,9447.0
moon byul::lunatic (english ver.),Moon Byul,LUNATIC (English Ver.),lastfm_tag,0,0,no tags,True,2022.0,8374.0
kara::lupin,Kara,Lupin,lastfm_tag,0,0,no tags,True,2010.0,66781.0
stray kids::m.i.a.,Stray Kids,M.I.A.,lastfm_tag,0,0,no tags,True,2018.0,97796.0
sistar19::ma boy,SISTAR19,Ma Boy,lastfm_tag,0,0,no tags,True,2011.0,130348.0
씨스타19::ma boy,씨스타19,Ma Boy,lastfm_tag,0,0,no tags,True,,3970.0
young posse::macaroni cheese,YOUNG POSSE,MACARONI CHEESE,lastfm_tag,0,0,no tags,True,2023.0,62267.0
exo-k::machine,EXO-K,Machine,lastfm_tag,0,0,no tags,True,2012.0,56066.0
seventeen::maestro,Seventeen,MAESTRO,lastfm_tag,0,0,no tags,True,2024.0,182726.0
승리::magic,승리,MAGIC,lastfm_tag,0,0,no tags,True,2011.0,7392.0
noir::magic,Noir,Magic,lastfm_tag,0,0,no tags,True,2011.0,1478.0
illit::magnetic,ILLIT,Magnetic,lastfm_tag,10,7,has tags,True,2024.0,1061716.0
gfriend::mago,GFRIEND,MAGO,lastfm_tag,10,8,has tags,True,2020.0,413005.0
nct u::make a wish (birthday song),NCT U,Make A Wish (Birthday Song),lastfm_tag,0,0,no tags,False,2020.0,271574.0
bts::make it right,BTS,Make It Right,lastfm_tag,10,7,has tags,True,2019.0,521575.0
exo-k::mama,EXO-K,MAMA,lastfm_tag,0,0,no tags,True,2012.0,210066.0
bts::mama,BTS,MAMA,lastfm_tag,7,4,has tags,True,2016.0,343518.0
lc9::mama beat (feat. 가인),LC9,MaMa Beat (feat. 가인),lastfm_tag,0,0,no tags,False,2013.0,860.0
super junior::mamacita (아야야),SUPER JUNIOR,MAMACITA (아야야),lastfm_tag,0,0,no tags,True,2014.0,85112.0
kara::mamma mia,Kara,Mamma Mia,lastfm_tag,0,0,no tags,True,2014.0,99349.0
seventeen::march,Seventeen,March,lastfm_tag,0,0,no tags,True,2022.0,105564.0
april::mayday,April,MAYDAY,lastfm_tag,0,0,no tags,True,2017.0,11692.0
clc::me,CLC,ME,lastfm_tag,0,0,no tags,True,2019.0,146092.0
gfriend::me gustas tu,GFRIEND,Me Gustas Tu,lastfm_tag,10,7,has tags,True,2018.0,296028.0
f(x)::me+u,f(x),ME+U,lastfm_tag,0,0,no tags,True,2010.0,196.0
riize::memories,RIIZE,Memories,lastfm_tag,0,0,no tags,False,2023.0,170365.0
meovv::meow,MEOVV,MEOW,lastfm_tag,10,7,has tags,True,2024.0,208191.0
clc::meow meow,CLC,Meow Meow,lastfm_tag,0,0,no tags,True,2017.0,38887.0
monsta x::mercy,MONSTA X,Mercy,lastfm_tag,0,0,no tags,True,2021.0,17841.0
pabllo vittar::mexe,Pabllo Vittar,MEXE,lastfm_tag,0,0,no tags,False,2025.0,121761.0
bts::mic drop (feat. desiigner) [steve aoki remix],BTS,MIC Drop (feat. Desiigner) [Steve Aoki Remix],lastfm_tag,0,0,no tags,True,2014.0,510521.0
kiss of life::midas touch,Kiss of Life,Midas Touch,lastfm_tag,10,7,has tags,True,2024.0,424947.0
bts::mikrokosmos,BTS,Mikrokosmos,lastfm_tag,10,6,has tags,True,2019.0,536155.0
f(x)::milk,f(x),MILK,lastfm_tag,0,0,no tags,True,2014.0,62117.0
fiestar::mirror,FIESTAR,Mirror,lastfm_tag,0,0,no tags,True,2016.0,38456.0
알렉스::miss. understand (feat. simon dominic),알렉스,Miss. Understand (feat. Simon Dominic),lastfm_tag,0,0,no tags,True,,925.0
clc::mistake,CLC,Mistake,lastfm_tag,0,0,no tags,True,2017.0,20429.0
saturday::mmook jji bba,Saturday,MMook JJi BBa,lastfm_tag,0,0,no tags,True,2018.0,14679.0
i-dle::mono (feat. skaiwater),i-dle,Mono (Feat. skaiwater),lastfm_tag,6,2,has tags,True,2026.0,119466.0
exo::monster,Exo,Monster,lastfm_tag,10,6,has tags,True,2016.0,483931.0
red velvet - irene & seulgi::monster,Red Velvet - IRENE & SEULGI,Monster,lastfm_tag,0,0,no tags,True,2020.0,415818.0
bigbang::monster,Bigbang,MONSTER,lastfm_tag,0,0,no tags,True,2012.0,68664.0
park ji hoon::moon,Park Ji Hoon,Moon,lastfm_tag,0,0,no tags,True,2019.0,2970.0
nu'est::moon dance,NU'EST,Moon Dance,lastfm_tag,0,0,no tags,True,2020.0,9182.0
twice::moonlight,TWICE,MOONLIGHT,lastfm_tag,0,0,no tags,True,2021.0,237667.0
twice::more & more,TWICE,MORE & MORE,lastfm_tag,10,6,has tags,True,2020.0,419550.0
boa::moto,Boa,MOTO,lastfm_tag,0,0,no tags,True,2005.0,15716.0
taemin::move,TAEMIN,MOVE,lastfm_tag,10,5,has tags,False,2017.0,370574.0
cix::movie star,CIX,Movie Star,lastfm_tag,0,0,no tags,True,2019.0,174337.0
kara::mr.,Kara,Mr.,lastfm_tag,0,0,no tags,True,2012.0,128240.0
wjsn::mr. badboy,WJSN,Mr. BadBoy,lastfm_tag,0,0,no tags,True,2017.0,17104.0
f(x)::mr. boogie,f(x),Mr. Boogie,lastfm_tag,10,8,has tags,True,2010.0,102192.0
a pink::mr. chu,A Pink,Mr. Chu,lastfm_tag,0,0,no tags,True,,4798.0
super junior::mr. simple,SUPER JUNIOR,Mr. Simple,lastfm_tag,0,0,no tags,True,2011.0,175041.0
소녀시대::mr.mr.,소녀시대,Mr.Mr.,lastfm_tag,0,0,no tags,True,2014.0,15105.0
4minute::muzik,4minute,Muzik,lastfm_tag,0,0,no tags,True,2009.0,44861.0
orange caramel::my copycat,Orange Caramel,My Copycat,lastfm_tag,0,0,no tags,True,2015.0,62218.0
boa::my genie,Boa,My Genie,lastfm_tag,0,0,no tags,True,2002.0,5352.0
luna::my medicine,Luna,My Medicine,lastfm_tag,0,0,no tags,True,2016.0,12562.0
stray kids::my pace,Stray Kids,My Pace,lastfm_tag,0,0,no tags,True,2018.0,226827.0
f(x)::my style,f(x),My Style,lastfm_tag,0,0,no tags,True,2011.0,34525.0
weki meki::my world,Weki Meki,My World,lastfm_tag,0,0,no tags,True,2017.0,10012.0
holland::nar_c,Holland,Nar_C,lastfm_tag,0,0,no tags,True,2019.0,9753.0
pentagon::naughty boy,Pentagon,Naughty boy,lastfm_tag,0,0,no tags,True,2020.0,74796.0
wjsn::navillera,WJSN,NAVILLERA,lastfm_tag,0,0,no tags,True,2022.0,17776.0
ifeye::nerdy,ifeye,NERDY,lastfm_tag,0,0,no tags,True,2025.0,63173.0
got7::never ever,GOT7,Never Ever,lastfm_tag,0,0,no tags,True,2017.0,147859.0
weki meki::neverland,Weki Meki,Neverland,lastfm_tag,0,0,no tags,True,2017.0,10327.0
psy::new face,Psy,New Face,lastfm_tag,0,0,no tags,True,2017.0,105715.0
loossemble::newtopia,Loossemble,Newtopia,lastfm_tag,0,0,no tags,True,2023.0,80969.0
boynextdoor::nice guy,BOYNEXTDOOR,Nice Guy,lastfm_tag,0,0,no tags,True,2024.0,118698.0
shinee::nightmare,SHINee,Nightmare,lastfm_tag,0,0,no tags,True,2013.0,25523.0
clc::no,CLC,No,lastfm_tag,0,0,no tags,True,2016.0,149674.0
enhypen::no doubt,ENHYPEN,No Doubt,lastfm_tag,10,8,has tags,True,2024.0,281624.0
miss a::no mercy,miss A,No Mercy,lastfm_tag,0,0,no tags,True,2012.0,22080.0
b.a.p::no mercy,B.A.P,NO MERCY,lastfm_tag,0,0,no tags,False,2012.0,35735.0
bts::no more dream,BTS,No More Dream,lastfm_tag,10,7,has tags,True,2013.0,558189.0
에일리::no no no,에일리,No No No,lastfm_tag,0,0,no tags,True,,3304.0
clc::no oh oh,CLC,No Oh Oh,lastfm_tag,0,0,no tags,True,2016.0,22952.0
le sserafim::no-return (into the unknown),LE SSERAFIM,No-Return (Into the unknown),lastfm_tag,0,0,no tags,True,2023.0,208403.0
wonder girls::nobody,Wonder Girls,Nobody,lastfm_tag,0,0,no tags,True,2008.0,293628.0
kiss of life::nobody knows,Kiss of Life,Nobody Knows,lastfm_tag,0,0,no tags,True,2023.0,305006.0
sunmi::noir,SUNMI,Noir,lastfm_tag,0,0,no tags,True,2019.0,105796.0
itzy::none of my business,ITZY,None of My Business,lastfm_tag,0,0,no tags,True,2023.0,94136.0
a pink::nonono,A Pink,NoNoNo,lastfm_tag,0,0,no tags,True,,6466.0
oh my girl::nonstop,OH MY GIRL,NONSTOP,lastfm_tag,0,0,no tags,True,2020.0,216226.0
illit::not cute anymore,ILLIT,NOT CUTE ANYMORE,lastfm_tag,10,7,has tags,True,2025.0,514048.0
itzy::not shy,ITZY,Not Shy,lastfm_tag,10,8,has tags,True,2020.0,452709.0
kai::nothing on me,Kai,Nothing On Me,lastfm_tag,0,0,no tags,True,2020.0,107484.0
"lovelyz::now, we",Lovelyz,"Now, We",lastfm_tag,0,0,no tags,True,,22614.0
f(x)::nu abo,f(x),NU ABO,lastfm_tag,0,0,no tags,True,2010.0,96598.0
cignature::nun nu nan na,Cignature,Nun Nu Nan Na,lastfm_tag,0,0,no tags,True,2020.0,46773.0
sf9::o sole mio,SF9,O Sole Mio,lastfm_tag,0,0,no tags,True,2017.0,69955.0
exo::obsession,Exo,Obsession,lastfm_tag,10,7,has tags,True,2019.0,314472.0
wei::ocean,WEi,Ocean,lastfm_tag,0,0,no tags,True,2021.0,6992.0
holland::ocean like me,Holland,Ocean like me,lastfm_tag,0,0,no tags,True,,4418.0
ive::off the record,IVE,Off The Record,lastfm_tag,10,8,has tags,True,2023.0,249168.0
seventeen::oh my!,Seventeen,Oh My!,lastfm_tag,0,0,no tags,True,2018.0,177933.0
tws::oh mymy : 7s,TWS,Oh Mymy : 7s,lastfm_tag,0,0,no tags,True,2024.0,68957.0
kard::oh nana (hidden. hur young ji),KARD,Oh NaNa (Hidden. HUR YOUNG JI),lastfm_tag,0,0,no tags,True,,115519.0
sunmi::oh sorry ya,SUNMI,Oh Sorry Ya,lastfm_tag,0,0,no tags,False,2022.0,49430.0
소녀시대::oh!,소녀시대,Oh!,lastfm_tag,0,0,no tags,True,2010.0,40525.0
bts::on,BTS,ON,lastfm_tag,10,6,has tags,False,2013.0,653744.0
loona::one & only (go won),Loona,One & Only (Go Won),lastfm_tag,0,0,no tags,True,,102288.0
boynextdoor::one and only,BOYNEXTDOOR,One and Only,lastfm_tag,0,0,no tags,True,2023.0,153034.0
orange caramel::one love,Orange Caramel,One Love,lastfm_tag,0,0,no tags,True,2010.0,23953.0
pentagon::one more night,Pentagon,One More Night,lastfm_tag,0,0,no tags,True,,7214.0
g-dragon::one of a kind,G-DRAGON,One of a Kind,lastfm_tag,0,0,no tags,True,2012.0,68662.0
b.a.p::one shot,B.A.P,ONE SHOT,lastfm_tag,0,0,no tags,False,2013.0,62186.0
"boa::one shot, two shot",Boa,"ONE SHOT, TWO SHOT",lastfm_tag,0,0,no tags,True,2018.0,69460.0
hyolyn::one way love,HYOLYN,One Way Love,lastfm_tag,0,0,no tags,True,2013.0,17367.0
lee hi::only,LEE HI,ONLY,lastfm_tag,0,0,no tags,True,2021.0,2863.0
chuu::only cry in the rain,CHUU,Only cry in the rain,lastfm_tag,0,0,no tags,False,2025.0,117598.0
boa::only one,Boa,Only One,lastfm_tag,0,0,no tags,True,2012.0,84258.0
unb::only one,UNB,Only One,lastfm_tag,0,0,no tags,True,2018.0,7905.0
laboum::only u,LABOUM,Only U,lastfm_tag,0,0,no tags,False,2017.0,6320.0
twice::options,TWICE,OPTIONS,lastfm_tag,0,0,no tags,True,2025.0,147117.0
sonamoo::orange cappuccino,SONAMOO,Orange Cappuccino,lastfm_tag,0,0,no tags,False,,1466.0
소녀시대::oscar,소녀시대,Oscar,lastfm_tag,0,0,no tags,True,2011.0,12856.0
zerobaseone::our season,ZEROBASEONE,Our Season,lastfm_tag,0,0,no tags,True,2023.0,73099.0
g-dragon::outro. 신곡(神曲) (divina commedia),G-DRAGON,OUTRO. 신곡(神曲) (Divina Commedia),lastfm_tag,0,0,no tags,True,,22897.0
bts::outro: wings,BTS,Outro: Wings,lastfm_tag,10,7,has tags,True,,397389.0
pristin::over n over,PRISTIN,Over N Over,lastfm_tag,0,0,no tags,True,2017.0,11310.0
boa::pain-love,Boa,Pain-Love,lastfm_tag,0,0,no tags,True,2002.0,5336.0
iu::palette (feat. g-dragon),IU,Palette (feat. G-DRAGON),lastfm_tag,0,0,no tags,True,2018.0,229216.0
kara::pandora,Kara,Pandora,lastfm_tag,0,0,no tags,True,2012.0,52918.0
f(x)::papi,f(x),Papi,lastfm_tag,0,0,no tags,True,2015.0,71732.0
jang dong woo::party girl,Jang Dong Woo,Party Girl,lastfm_tag,0,0,no tags,True,,3115.0
kai::peaches,Kai,Peaches,lastfm_tag,0,0,no tags,True,2021.0,260678.0
pentagon::pentagon,Pentagon,Pentagon,lastfm_tag,0,0,no tags,True,2016.0,10479.0
oh my girl::perfect day,OH MY GIRL,Perfect Day,lastfm_tag,0,0,no tags,True,2017.0,10786.0
le sserafim::perfect night,LE SSERAFIM,Perfect Night,lastfm_tag,10,5,has tags,True,2023.0,781963.0
produce 101::pick me,PRODUCE 101,PICK ME,lastfm_tag,0,0,no tags,True,2015.0,46672.0
i.o.i::pick me,I.O.I,Pick Me,lastfm_tag,0,0,no tags,True,2016.0,60530.0
bts::pied piper,BTS,Pied Piper,lastfm_tag,10,6,has tags,True,2017.0,699776.0
hyuna&dawn::ping pong,HyunA&DAWN,PING PONG,lastfm_tag,0,0,no tags,True,,179008.0
stayc::pipe down,STAYC,PIPE DOWN,lastfm_tag,0,0,no tags,True,2025.0,48238.0
everglow::pirate,Everglow,Pirate,lastfm_tag,0,0,no tags,True,2021.0,206606.0
bestie::pitapat,BESTie,Pitapat,lastfm_tag,0,0,no tags,True,2013.0,5764.0
heyoon::pivot (feat. armani white),HEYOON,Pivot (Feat. Armani White),lastfm_tag,0,0,no tags,True,2024.0,6575.0
stray kids::placebo,Stray Kids,Placebo,lastfm_tag,0,0,no tags,True,2021.0,53125.0
haseul::plastic candy,HaSeul,Plastic Candy,lastfm_tag,0,0,no tags,True,2023.0,68342.0
snuper::platonic love,SNUPER,Platonic Love,lastfm_tag,0,0,no tags,False,2016.0,18105.0
exo-cbx::playdate,EXO-CBX,Playdate,lastfm_tag,0,0,no tags,True,2018.0,27512.0
wjsn::plop plop,WJSN,Plop Plop,lastfm_tag,0,0,no tags,True,2017.0,14609.0
purple kiss::ponzona,PURPLE KISS,Ponzona,lastfm_tag,0,0,no tags,True,2021.0,84718.0
rania::pop pop pop,Rania,Pop Pop Pop,lastfm_tag,0,0,no tags,True,2011.0,12321.0
k/da::pop/stars,K/DA,POP/STARS,lastfm_tag,10,7,has tags,False,2018.0,589135.0
red velvet::power up,Red Velvet,Power Up,lastfm_tag,0,0,no tags,True,2018.0,269815.0
kara::pretty girl,Kara,Pretty Girl,lastfm_tag,0,0,no tags,True,2008.0,59164.0
f(x)::pretty girl,f(x),Pretty Girl,lastfm_tag,0,0,no tags,True,2013.0,61599.0
babymonster::psycho,BABYMONSTER,PSYCHO,lastfm_tag,3,0,no tags,True,2025.0,113668.0
loona::ptt (paint the town),Loona,PTT (Paint the Town),lastfm_tag,0,0,no tags,False,2021.0,324767.0
nct 127::punch,NCT 127,Punch,lastfm_tag,0,0,no tags,False,2020.0,125253.0
shinee::punch drunk love,SHINee,Punch Drunk Love,lastfm_tag,0,0,no tags,True,2013.0,26162.0
marmello::puppet,MARMELLO,Puppet,lastfm_tag,0,0,no tags,True,,3472.0
looπδ::puzzle,LOOΠΔ,Puzzle,lastfm_tag,0,0,no tags,True,,18118.0
cherry bullet::q&a,Cherry Bullet,Q&A,lastfm_tag,0,0,no tags,True,2019.0,97810.0
bay.b::quecera cera,Bay.B,Quecera Cera,lastfm_tag,0,0,no tags,False,2014.0,107.0
red velvet::queendom,Red Velvet,Queendom,lastfm_tag,0,0,no tags,True,2021.0,372789.0
lovelyz::r u ready?,Lovelyz,R U Ready?,lastfm_tag,0,0,no tags,True,2017.0,8886.0
gugudan::rainbow,gugudan,Rainbow,lastfm_tag,0,0,no tags,True,2017.0,9462.0
에일리::rainy day,에일리,Rainy Day,lastfm_tag,0,0,no tags,True,,3253.0
red velvet::rbb (really bad boy),Red Velvet,RBB (Really Bad Boy),lastfm_tag,0,0,no tags,True,2018.0,251464.0
lc9::ready set go,LC9,Ready Set Go,lastfm_tag,0,0,no tags,False,2013.0,2603.0
oh my girl::real world,OH MY GIRL,Real World,lastfm_tag,0,0,no tags,True,2017.0,7481.0
blackpink::really,BLACKPINK,REALLY,lastfm_tag,0,0,no tags,False,2018.0,305185.0
cherry bullet::really really,Cherry Bullet,Really Really,lastfm_tag,0,0,no tags,True,2019.0,54580.0
winner::really really,Winner,REALLY REALLY,lastfm_tag,0,0,no tags,True,2017.0,222317.0
ive::rebel heart,IVE,REBEL HEART,lastfm_tag,10,7,has tags,True,2025.0,192183.0
f(x)::red light,f(x),Red Light,lastfm_tag,0,0,no tags,True,2014.0,150861.0
"nmixx::red light sign, but we go",NMIXX,"Red light sign, but we go",lastfm_tag,0,0,no tags,True,2024.0,60164.0
iu::red queen (feat. zion.t),IU,Red Queen (feat. Zion.T),lastfm_tag,0,0,no tags,True,2015.0,22962.0
clc::refresh,CLC,Refresh,lastfm_tag,0,0,no tags,True,2016.0,7085.0
psy::refuge,Psy,Refuge,lastfm_tag,0,0,no tags,True,,3608.0
ikon::rhythm ta,Ikon,RHYTHM TA,lastfm_tag,0,0,no tags,True,2015.0,148120.0
newjeans::right now,NewJeans,Right Now,lastfm_tag,10,7,has tags,True,2024.0,396015.0
unnies::right?,Unnies,Right?,lastfm_tag,0,0,no tags,True,,6281.0
shinee::ring ding dong,SHINee,Ring Ding Dong,lastfm_tag,10,7,has tags,True,2009.0,324769.0
psy::rock will never die,Psy,Rock Will Never Die,lastfm_tag,0,0,no tags,True,2017.0,4781.0
xikers::rockstar,xikers,ROCKSTAR,lastfm_tag,0,0,no tags,True,2023.0,44766.0
chung ha::roller coaster,CHUNG HA,Roller Coaster,lastfm_tag,0,0,no tags,True,2018.0,231575.0
brave girls::rollin',Brave Girls,Rollin',lastfm_tag,0,0,no tags,True,2017.0,238840.0
t-ara::roly-poly,T-ARA,Roly-Poly,lastfm_tag,0,0,no tags,True,2011.0,140309.0
red velvet::rookie,Red Velvet,Rookie,lastfm_tag,0,0,no tags,True,2017.0,219096.0
super junior-d&e::rose,Super Junior-D&E,ROSE,lastfm_tag,0,0,no tags,True,2024.0,2000.0
sf9::round and round,SF9,Round And Round,lastfm_tag,0,0,no tags,True,2019.0,13278.0
ive::royal,IVE,ROYAL,lastfm_tag,0,0,no tags,True,2022.0,182320.0
sf9::rpm,SF9,RPM,lastfm_tag,0,0,no tags,True,2019.0,36793.0
h.i.n.p (hot issue of ntl. producers)::rumor,H.I.N.P (Hot Issue of Ntl. Producers),Rumor,lastfm_tag,0,0,no tags,True,,149526.0
kard::rumor,KARD,RUMOR,lastfm_tag,0,0,no tags,True,2017.0,73846.0
bts::run,BTS,RUN,lastfm_tag,10,7,has tags,True,2015.0,672028.0
stray kids::run (han),Stray Kids,RUN (HAN),lastfm_tag,0,0,no tags,True,,63300.0
tzuyu::run away,TZUYU,Run Away,lastfm_tag,0,0,no tags,True,2024.0,119149.0
소녀시대::run devil run,소녀시대,Run Devil Run,lastfm_tag,0,0,no tags,True,2010.0,42697.0
nmixx::run for roses,NMIXX,Run For Roses,lastfm_tag,10,7,has tags,True,2024.0,164252.0
stray kids::runners,Stray Kids,Runners,lastfm_tag,0,0,no tags,True,2024.0,105312.0
pristin::running,PRISTIN,Running,lastfm_tag,0,0,no tags,True,2017.0,18312.0
le sserafim::saki (feat. aliyah's interlude),LE SSERAFIM,Saki (feat. Aliyah's Interlude),lastfm_tag,8,5,has tags,False,2026.0,79986.0
jessica::saturday night,Jessica,Saturday Night,lastfm_tag,0,0,no tags,False,1995.0,4729.0
bts::save me,BTS,Save ME,lastfm_tag,10,7,has tags,True,2016.0,610447.0
"wjsn::save me, save you",WJSN,"Save Me, Save You",lastfm_tag,0,0,no tags,True,2018.0,121990.0
ateez::say my name,ATEEZ,Say My Name,lastfm_tag,0,0,no tags,False,2019.0,222287.0
4minute::say my name,4minute,Say My Name,lastfm_tag,0,0,no tags,True,2012.0,14210.0
twice::scientist,TWICE,SCIENTIST,lastfm_tag,0,0,no tags,True,2021.0,367998.0
grimes::scream,Grimes,SCREAM,lastfm_tag,0,0,no tags,True,2015.0,231815.0
a pink::secret garden,A Pink,Secret Garden,lastfm_tag,0,0,no tags,True,,2354.0
vixx::secret night,VIXX,Secret Night,lastfm_tag,0,0,no tags,True,2013.0,8337.0
rania::secret party,Rania,Secret Party,lastfm_tag,0,0,no tags,True,2013.0,3021.0
iz*one::secret story of the swan,IZ*ONE,Secret Story of the Swan,lastfm_tag,10,7,has tags,True,2020.0,299991.0
nmixx::see that?,NMIXX,See that?,lastfm_tag,0,0,no tags,True,2024.0,125314.0
blackpink::see u later,BLACKPINK,See U Later,lastfm_tag,0,0,no tags,False,2018.0,284904.0
twice::seesaw,TWICE,SEESAW,lastfm_tag,0,0,no tags,True,2025.0,91215.0
vav::senorita,VAV,Senorita,lastfm_tag,0,0,no tags,True,2018.0,34870.0
loossemble::sensitive,Loossemble,Sensitive,lastfm_tag,0,0,no tags,True,2023.0,118986.0
bts::serendipity (full length edition),BTS,Serendipity (Full Length Edition),lastfm_tag,10,6,has tags,True,2018.0,429144.0
twice::set me free,TWICE,SET ME FREE,lastfm_tag,10,8,has tags,True,2023.0,401115.0
jimin::set me free pt.2,Jimin,Set Me Free Pt.2,lastfm_tag,10,7,has tags,True,2023.0,408191.0
장우영::sexy lady,장우영,Sexy Lady,lastfm_tag,0,0,no tags,True,2012.0,3677.0
t-ara::sexy love,T-ARA,Sexy Love,lastfm_tag,0,0,no tags,True,2012.0,72291.0
"super junior::sexy, free & single",SUPER JUNIOR,"Sexy, Free & Single",lastfm_tag,0,0,no tags,True,2012.0,53911.0
nu'est w::shadow,NU'EST W,Shadow,lastfm_tag,0,0,no tags,True,2018.0,9437.0
after school::shampoo,After School,Shampoo,lastfm_tag,0,0,no tags,True,2011.0,43570.0
myteen::she bad,MYTEEN,SHE BAD,lastfm_tag,0,0,no tags,True,2018.0,20724.0
pentagon::shine,Pentagon,Shine,lastfm_tag,0,0,no tags,True,2018.0,325578.0
shinee::shine (medusa ⅰ),SHINee,SHINe (Medusa Ⅰ),lastfm_tag,0,0,no tags,True,2013.0,6993.0
beast::shock,Beast,Shock,lastfm_tag,0,0,no tags,True,2010.0,43930.0
day6::shoot me,DAY6,Shoot Me,lastfm_tag,0,0,no tags,True,2018.0,259498.0
itzy::shoot!,ITZY,SHOOT!,lastfm_tag,0,0,no tags,True,2021.0,269939.0
kep1er::shooting star,Kep1er,Shooting Star,lastfm_tag,0,0,no tags,True,2024.0,83390.0
aoa::short hair,AOA,Short Hair,lastfm_tag,0,0,no tags,True,2014.0,133693.0
소녀시대::show! show! show!,소녀시대,Show! Show! Show!,lastfm_tag,0,0,no tags,True,2010.0,22930.0
class:y::shut down,CLASS:y,SHUT DOWN,lastfm_tag,0,0,no tags,False,2022.0,40475.0
brown eyed girls::sign,Brown Eyed Girls,Sign,lastfm_tag,0,0,no tags,True,2009.0,38949.0
izna::sign,izna,SIGN,lastfm_tag,0,0,no tags,True,2025.0,78690.0
nu'est w::signal,NU'EST W,Signal,lastfm_tag,0,0,no tags,True,2018.0,9227.0
stray kids::silent cry,Stray Kids,Silent Cry,lastfm_tag,0,0,no tags,True,2021.0,146213.0
bts::silver spoon,BTS,Silver Spoon,lastfm_tag,10,7,has tags,True,2025.0,588305.0
nct 127::simon says,NCT 127,Simon Says,lastfm_tag,0,0,no tags,True,2018.0,192124.0
brown eyed girls::sixth sense,Brown Eyed Girls,Sixth Sense,lastfm_tag,0,0,no tags,True,2011.0,63002.0
kiss of life::sixth sense,Kiss of Life,Sixth Sense,lastfm_tag,0,0,no tags,True,2024.0,34565.0
9muses::sleepless night,9MUSES,Sleepless Night,lastfm_tag,0,0,no tags,True,,25328.0
le sserafim::smart,LE SSERAFIM,Smart,lastfm_tag,10,7,has tags,True,2024.0,654096.0
pick-cat::snap,PICK-CAT,SNAP,lastfm_tag,0,0,no tags,True,2023.0,8383.0
chung ha::snapping,CHUNG HA,Snapping,lastfm_tag,0,0,no tags,True,2019.0,259129.0
f(x)::snapshot,f(x),Snapshot,lastfm_tag,0,0,no tags,True,2013.0,47084.0
itzy::sneakers,ITZY,SNEAKERS,lastfm_tag,0,0,no tags,True,2022.0,244433.0
sistar::so cool,SISTAR,So Cool,lastfm_tag,0,0,no tags,True,2011.0,51453.0
sonamoo::so good,SONAMOO,So Good,lastfm_tag,0,0,no tags,True,,4815.0
red velvet::some love,Red Velvet,Some Love,lastfm_tag,0,0,no tags,True,2016.0,62735.0
red velvet::somethin kinda crazy,Red Velvet,Somethin Kinda Crazy,lastfm_tag,0,0,no tags,True,2015.0,105118.0
girl's day::something,Girl's Day,Something,lastfm_tag,0,0,no tags,True,2014.0,244334.0
xg::something ain't right,XG,Something Ain't Right,lastfm_tag,9,7,has tags,True,2024.0,255224.0
nmixx::soñar (breaker),NMIXX,Soñar (Breaker),lastfm_tag,0,0,no tags,True,2023.0,199573.0
wjsn::space cowgirl,WJSN,Space Cowgirl,lastfm_tag,0,0,no tags,True,2016.0,17576.0
chung ha::sparkling,CHUNG HA,Sparkling,lastfm_tag,0,0,no tags,True,2022.0,121963.0
waker::spirit,Waker,SPIRIT,lastfm_tag,0,0,no tags,True,2024.0,1774.0
shinee::spoiler,SHINee,Spoiler,lastfm_tag,0,0,no tags,True,2013.0,31527.0
pristin v::spotlight,PRISTIN V,Spotlight,lastfm_tag,0,0,no tags,True,2018.0,28297.0
stray kids::spread my wings,Stray Kids,Spread My Wings,lastfm_tag,0,0,no tags,True,2018.0,91601.0
bts::spring day,BTS,Spring Day,lastfm_tag,10,7,has tags,True,2017.0,700191.0
shinee::stand by me,SHINee,Stand By Me,lastfm_tag,0,0,no tags,True,2009.0,84023.0
cravity::star,CRAVITY,Star,lastfm_tag,0,0,no tags,True,2020.0,13199.0
dreamcatcher::starlight,Dreamcatcher,Starlight,lastfm_tag,0,0,no tags,False,2022.0,61078.0
이달의 소녀 오드아이써클::starlight,이달의 소녀 오드아이써클,Starlight,lastfm_tag,0,0,no tags,True,,3994.0
jessica::starry night,Jessica,Starry Night,lastfm_tag,0,0,no tags,True,1998.0,4410.0
wei::starry night (prod. dress),WEi,Starry Night (prod. dress),lastfm_tag,0,0,no tags,True,,5310.0
stray kids::stars and raindrops (seungmin),Stray Kids,Stars and Raindrops (Seungmin),lastfm_tag,0,0,no tags,True,,75764.0
mblaq::stay,MBLAQ,Stay,lastfm_tag,0,0,no tags,True,2011.0,34242.0
blackpink::stay,BLACKPINK,STAY,lastfm_tag,0,0,no tags,True,2016.0,324956.0
chung ha::stay tonight,CHUNG HA,Stay Tonight,lastfm_tag,0,0,no tags,True,2020.0,213424.0
weki meki::stay with me,Weki Meki,Stay with Me,lastfm_tag,0,0,no tags,True,2017.0,11574.0
kara::step,Kara,STEP,lastfm_tag,0,0,no tags,True,2011.0,121373.0
f(x)::step,f(x),Step,lastfm_tag,0,0,no tags,True,2009.0,55716.0
got the beat::step back,GOT the beat,Step Back,lastfm_tag,0,0,no tags,True,2022.0,324361.0
bts::stigma,BTS,Stigma,lastfm_tag,10,8,has tags,True,2016.0,450607.0
sf9::stop it now,SF9,Stop It Now,lastfm_tag,0,0,no tags,True,2020.0,7120.0
map6::storm,MAP6,Storm,lastfm_tag,0,0,no tags,True,2015.0,1916.0
twice::strategy,TWICE,Strategy,lastfm_tag,3,2,has tags,True,2024.0,452946.0
olivia marsh::strategy,Olivia Marsh,Strategy,lastfm_tag,0,0,no tags,True,2025.0,41967.0
stray kids::streetlight (changbin),Stray Kids,Streetlight (Changbin),lastfm_tag,0,0,no tags,True,,56088.0
loona::stylish,Loona,Stylish,lastfm_tag,0,0,no tags,True,,156158.0
wjsn::sugar,WJSN,Sugar,lastfm_tag,0,0,no tags,True,2017.0,17149.0
t-ara::sugar free,T-ARA,Sugar Free,lastfm_tag,0,0,no tags,False,2014.0,54362.0
tomorrow x together::sugar rush ride,TOMORROW X TOGETHER,Sugar Rush Ride,lastfm_tag,10,6,has tags,True,2023.0,424603.0
nct 127::summer 127,NCT 127,Summer 127,lastfm_tag,0,0,no tags,False,2017.0,103027.0
clc::summer kiss,CLC,SUMMER KISS,lastfm_tag,0,0,no tags,True,2017.0,13839.0
triple h::sunflower,Triple H,Sunflower,lastfm_tag,0,0,no tags,True,,18039.0
babymonster::supa dupa luv,BABYMONSTER,SUPA DUPA LUV,lastfm_tag,0,0,no tags,True,2025.0,50782.0
seventeen::super,Seventeen,Super,lastfm_tag,10,7,has tags,True,2024.0,347099.0
stray kids::super bowl,Stray Kids,Super Bowl,lastfm_tag,0,0,no tags,True,2023.0,152313.0
super junior m::super girl,Super Junior M,Super Girl,lastfm_tag,0,0,no tags,True,2009.0,16063.0
vixx::super hero,VIXX,SUPER HERO,lastfm_tag,0,0,no tags,True,2012.0,17924.0
g-dragon::super star,G-DRAGON,SUPER STAR,lastfm_tag,0,0,no tags,True,2017.0,32269.0
jin::super tuna,Jin,Super Tuna,lastfm_tag,10,8,has tags,True,2022.0,334057.0
newjeans::supernatural,NewJeans,Supernatural,lastfm_tag,10,8,has tags,True,2024.0,617936.0
fromis_9::supersonic,fromis_9,Supersonic,lastfm_tag,10,7,has tags,True,2024.0,242675.0
세븐틴::swimming fool,세븐틴,Swimming Fool,lastfm_tag,0,0,no tags,True,,1668.0
shinhwa::t.o.p. - edit version,Shinhwa,T.O.P. - Edit Version,lastfm_tag,0,0,no tags,True,,301.0
sunmi::tail,SUNMI,TAIL,lastfm_tag,0,0,no tags,False,2021.0,220835.0
baekhyun::take you home,BAEKHYUN,Take You Home,lastfm_tag,0,0,no tags,True,,39887.0
nu'est::talk about love,NU'EST,Talk about love,lastfm_tag,0,0,no tags,True,2019.0,7016.0
riize::talk saxy,RIIZE,Talk Saxy,lastfm_tag,0,0,no tags,False,2023.0,147869.0
blackpink::tally,BLACKPINK,Tally,lastfm_tag,0,0,no tags,False,2022.0,328192.0
구공탄 (비투비)::tang tang tang,구공탄 (비투비),TANG TANG TANG,lastfm_tag,0,0,no tags,True,2024.0,3827.0
nmixx::tank,NMIXX,TANK,lastfm_tag,0,0,no tags,True,2022.0,226525.0
xdinary heroes::test me,Xdinary Heroes,Test Me,lastfm_tag,0,0,no tags,True,2022.0,95458.0
bestie::thank u very much,BESTie,Thank U Very Much,lastfm_tag,0,0,no tags,True,2014.0,9544.0
seventeen::thanks,Seventeen,Thanks,lastfm_tag,0,0,no tags,True,,153841.0
ateez::thanxx,ATEEZ,THANXX,lastfm_tag,0,0,no tags,True,2020.0,154206.0
itzy::that's a no no,ITZY,THAT'S A NO NO,lastfm_tag,0,0,no tags,True,2020.0,180052.0
itzy::that’s a no no,ITZY,THAT’S A NO NO,lastfm_tag,10,9,has tags,True,2020.0,180052.0
소녀시대::the boys,소녀시대,The Boys,lastfm_tag,0,0,no tags,True,2011.0,29551.0
blackpink::the girls - blackpink the game ost,BLACKPINK,THE GIRLS - BLACKPINK THE GAME OST,lastfm_tag,0,0,no tags,False,,191061.0
le sserafim::the great mermaid,LE SSERAFIM,The Great Mermaid,lastfm_tag,0,0,no tags,True,2022.0,258883.0
bts::the truth untold,BTS,The Truth Untold,lastfm_tag,0,0,no tags,True,,376731.0
girl's day::thirsty,Girl's Day,THIRSTY,lastfm_tag,0,0,no tags,True,2017.0,21617.0
key::this life,Key,This Life,lastfm_tag,0,0,no tags,True,2018.0,16355.0
신화::this love,신화,This Love,lastfm_tag,0,0,no tags,True,2013.0,5823.0
iu::through the night,IU,Through the Night,lastfm_tag,0,0,no tags,True,2018.0,188284.0
exo-k::thunder,EXO-K,Thunder,lastfm_tag,0,0,no tags,True,2014.0,94204.0
superm::tiger inside,SuperM,Tiger Inside,lastfm_tag,0,0,no tags,True,2020.0,208217.0
tomorrow x together::tinnitus (wanna be a rock),TOMORROW X TOGETHER,Tinnitus (Wanna Be a Rock),lastfm_tag,10,9,has tags,True,2023.0,393034.0
rainbow::to me,Rainbow,To Me,lastfm_tag,0,0,no tags,True,2012.0,13899.0
pentagon::to universe,Pentagon,To Universe,lastfm_tag,0,0,no tags,True,2017.0,6031.0
teen top::to you,TEEN TOP,To You,lastfm_tag,0,0,no tags,True,2012.0,24312.0
bts::tomorrow,BTS,Tomorrow,lastfm_tag,10,6,has tags,True,2014.0,401282.0
bigbang::tonight,Bigbang,TONIGHT,lastfm_tag,0,0,no tags,True,2011.0,69185.0
miss a::touch,miss A,Touch,lastfm_tag,0,0,no tags,False,2012.0,68841.0
sistar::touch my body,SISTAR,Touch My Body,lastfm_tag,0,0,no tags,True,2014.0,203029.0
f(x)::toy,f(x),Toy,lastfm_tag,0,0,no tags,False,2013.0,50975.0
noir::travel,Noir,Travel,lastfm_tag,0,0,no tags,True,2018.0,1266.0
소녀시대::trick,소녀시대,TRICK,lastfm_tag,0,0,no tags,True,2011.0,12423.0
bts::trivia 轉 : seesaw,BTS,Trivia 轉 : Seesaw,lastfm_tag,10,6,has tags,True,2018.0,487459.0
trouble maker::trouble maker,Trouble Maker,Trouble Maker,lastfm_tag,0,0,no tags,False,2011.0,232001.0
stray kids::truman (han & felix),Stray Kids,Truman (HAN & Felix),lastfm_tag,10,7,has tags,True,,117472.0
tomorrow x together::trust fund baby,TOMORROW X TOGETHER,Trust Fund Baby,lastfm_tag,0,0,no tags,True,2022.0,156543.0
gain::truth or dare,Gain,Truth or Dare,lastfm_tag,0,0,no tags,True,,5442.0
송지은::twenty-five,송지은,Twenty-Five,lastfm_tag,0,0,no tags,False,,435.0
wei::twilight,WEi,TWILIGHT,lastfm_tag,0,0,no tags,True,2020.0,24116.0
super junior::u,SUPER JUNIOR,U,lastfm_tag,0,0,no tags,True,2006.0,42693.0
에일리::u & i,에일리,U & I,lastfm_tag,0,0,no tags,True,,5515.0
ss501::u r man,SS501,U R Man,lastfm_tag,0,0,no tags,True,,41356.0
ss501::u r man(remix),SS501,U R MAN(Remix),lastfm_tag,0,0,no tags,True,,41356.0
2ne1::ugly,2NE1,Ugly,lastfm_tag,0,0,no tags,True,2011.0,104169.0
iu::ugly duckling,IU,Ugly Duckling,lastfm_tag,0,0,no tags,True,,13720.0
momoland::uh-gi-yeo-cha,MOMOLAND,uh-gi-yeo-cha,lastfm_tag,0,0,no tags,True,,6337.0
unchild::unchild,UNCHILD,UNCHILD,lastfm_tag,10,7,has tags,False,2026.0,60245.0
le sserafim::unforgiven (feat. nile rodgers),LE SSERAFIM,UNFORGIVEN (feat. Nile Rodgers),lastfm_tag,10,7,has tags,True,2023.0,542332.0
everglow::untouchable,Everglow,UNTOUCHABLE,lastfm_tag,0,0,no tags,True,2020.0,102647.0
exid::up & down,EXID,Up & Down,lastfm_tag,0,0,no tags,True,2013.0,293158.0
looπδ 1/3::valentine girl,LOOΠΔ 1/3,Valentine Girl,lastfm_tag,0,0,no tags,True,,72636.0
exid::velvet [le solo],EXID,Velvet [LE Solo],lastfm_tag,0,0,no tags,True,2017.0,25370.0
hello venus::venus,HELLO VENUS,Venus,lastfm_tag,0,0,no tags,True,,10011.0
신화::venus,신화,Venus,lastfm_tag,0,0,no tags,True,2012.0,4856.0
block b::very good,Block B,Very Good,lastfm_tag,0,0,no tags,True,2013.0,78702.0
i.o.i::very very very,I.O.I,Very Very Very,lastfm_tag,0,0,no tags,True,,236105.0
iz*one::violeta,IZ*ONE,Violeta,lastfm_tag,0,0,no tags,True,2020.0,225381.0
dreamcatcher::vision,Dreamcatcher,VISION,lastfm_tag,0,0,no tags,False,2022.0,86318.0
4minute::volume up,4minute,Volume Up,lastfm_tag,0,0,no tags,True,2012.0,73870.0
exo-cbx::vroom vroom,EXO-CBX,Vroom Vroom,lastfm_tag,0,0,no tags,True,2018.0,49596.0
kep1er::wa da da,Kep1er,WA DA DA,lastfm_tag,0,0,no tags,True,2022.0,300989.0
4minute::wait a minute,4minute,Wait A Minute,lastfm_tag,0,0,no tags,True,2014.0,8635.0
kai::wait on me,Kai,Wait On Me,lastfm_tag,0,0,no tags,False,2025.0,128728.0
wei::waitin',WEi,Waitin',lastfm_tag,0,0,no tags,True,2021.0,7646.0
b.a.p::wake me up,B.A.P,WAKE ME UP,lastfm_tag,0,0,no tags,True,2017.0,48876.0
nct 127::wake up,NCT 127,Wake Up,lastfm_tag,0,0,no tags,True,2016.0,55698.0
stray kids::walkin on water,Stray Kids,Walkin On Water,lastfm_tag,10,7,has tags,True,2024.0,176057.0
kara::wanna,Kara,Wanna,lastfm_tag,0,0,no tags,True,2009.0,33890.0
b.a.p::warrior,B.A.P,WARRIOR,lastfm_tag,0,0,no tags,False,2012.0,47439.0
seventeen::wave,Seventeen,Wave,lastfm_tag,0,0,no tags,True,2021.0,71198.0
pristin::we,PRISTIN,WE,lastfm_tag,0,0,no tags,True,2017.0,17899.0
bts::we are bulletproof : the eternal,BTS,We are Bulletproof : the Eternal,lastfm_tag,10,7,has tags,True,2020.0,429150.0
pristin::we are pristin,PRISTIN,WE ARE PRISTIN,lastfm_tag,0,0,no tags,True,2017.0,13089.0
psy::we are young,Psy,We Are Young,lastfm_tag,0,0,no tags,True,2017.0,4024.0
fiestar::we don't stop,FIESTAR,We Don't Stop,lastfm_tag,0,0,no tags,True,2012.0,5568.0
fromis_9::we go,fromis_9,WE GO,lastfm_tag,0,0,no tags,True,2021.0,175577.0
nct dream::we go up,NCT DREAM,We Go Up,lastfm_tag,0,0,no tags,True,2018.0,182331.0
pristin::we like,PRISTIN,WE LIKE,lastfm_tag,0,0,no tags,True,2017.0,67775.0
태양::wedding dress,태양,Wedding Dress,lastfm_tag,0,0,no tags,True,2009.0,19240.0
pristin::wee woo,PRISTIN,WEE WOO,lastfm_tag,0,0,no tags,True,2017.0,131084.0
aespa::welcome to my world (feat. nævis),aespa,Welcome To MY World (feat. nævis),lastfm_tag,0,0,no tags,True,2023.0,241860.0
zico::well done (feat. ja mezz),ZICO,Well Done (Feat. Ja Mezz),lastfm_tag,0,0,no tags,False,2015.0,1495.0
bts::whalien 52,BTS,Whalien 52,lastfm_tag,5,2,has tags,True,2015.0,373607.0
exo-k::what is love,EXO-K,What Is Love,lastfm_tag,0,0,no tags,True,2012.0,92350.0
twice::what is love?,TWICE,What is Love?,lastfm_tag,10,6,has tags,True,2018.0,735139.0
sunmi::what the flower,SUNMI,What The Flower,lastfm_tag,0,0,no tags,False,2021.0,25666.0
triple h::what's going on?,Triple H,What's Going On?,lastfm_tag,0,0,no tags,True,,15932.0
myname::what's up,MYNAME,What's Up,lastfm_tag,0,0,no tags,False,2012.0,1477.0
yesung::whatcha doin',YESUNG,Whatcha Doin',lastfm_tag,0,0,no tags,True,2018.0,19796.0
kara::when i move,Kara,WHEN I MOVE,lastfm_tag,0,0,no tags,True,2022.0,65404.0
kara::when i move - japanese version,Kara,WHEN I MOVE - Japanese Version,lastfm_tag,0,0,no tags,True,,3282.0
pentagon::when i was in love,Pentagon,When I Was In Love,lastfm_tag,0,0,no tags,True,,6841.0
i.o.i::when the cherry blossoms fade,I.O.I,When the Cherry Blossoms Fade,lastfm_tag,0,0,no tags,True,,24318.0
clc::where are you?,CLC,Where Are You?,lastfm_tag,0,0,no tags,True,,64546.0
nu'est w::where you at,NU'EST W,WHERE YOU AT,lastfm_tag,0,0,no tags,True,2017.0,41518.0
nct 127::whiplash,NCT 127,Whiplash,lastfm_tag,0,0,no tags,True,2017.0,190685.0
blackpink::whistle,BLACKPINK,WHISTLE,lastfm_tag,10,5,has tags,True,2017.0,569185.0
wei::white light,WEi,White Light,lastfm_tag,0,0,no tags,True,2021.0,5492.0
bga::who's it gonna be,BgA,Who's It Gonna Be,lastfm_tag,0,0,no tags,True,2017.0,7111.0
rainbow::whoo,Rainbow,Whoo,lastfm_tag,0,0,no tags,True,,15259.0
exid::whoz that girl,EXID,WHOZ THAT GIRL,lastfm_tag,0,0,no tags,True,2012.0,20467.0
rain::why don't we (feat. chung ha),Rain,why don't we (feat. CHUNG HA),lastfm_tag,0,0,no tags,True,2021.0,6374.0
wonder girls::why so lonely,Wonder Girls,Why So Lonely,lastfm_tag,0,0,no tags,True,2016.0,284487.0
shinee::why so serious?,SHINee,Why So Serious?,lastfm_tag,0,0,no tags,True,2014.0,45366.0
oh my girl::windy day,OH MY GIRL,WINDY DAY,lastfm_tag,0,0,no tags,True,2016.0,46196.0
hello venus::winter fantasy,HELLO VENUS,Winter Fantasy,lastfm_tag,0,0,no tags,False,,2894.0
"wei::winter, flower",WEi,"Winter, Flower",lastfm_tag,0,0,no tags,True,2021.0,4632.0
rain::with u,Rain,With U,lastfm_tag,0,0,no tags,True,2006.0,6246.0
2pm::without u,2PM,Without U,lastfm_tag,0,0,no tags,True,2010.0,42236.0
momoland::wonderful love,MOMOLAND,Wonderful Love,lastfm_tag,0,0,no tags,True,2018.0,14518.0
ateez::wonderland,ATEEZ,WONDERLAND,lastfm_tag,0,0,no tags,False,2019.0,280185.0
btob::wow,BTOB,WOW,lastfm_tag,0,0,no tags,True,2012.0,82097.0
seulgi::wow thing,SEULGI,Wow Thing,lastfm_tag,0,0,no tags,True,2018.0,171037.0
lovelyz::wow!,Lovelyz,WoW!,lastfm_tag,0,0,no tags,True,2017.0,26014.0
enhypen::xo (only if you say yes),ENHYPEN,XO (Only If You Say Yes),lastfm_tag,10,8,has tags,True,2024.0,347565.0
ive::xoxz,IVE,XOXZ,lastfm_tag,10,7,has tags,True,2025.0,175342.0
young posse::xxl,YOUNG POSSE,XXL,lastfm_tag,0,0,no tags,True,2024.0,111379.0
mxm::ya ya ya,MXM,YA YA YA,lastfm_tag,0,0,no tags,True,2018.0,6223.0
clc::yaya (say bye to solo),CLC,Yaya (Say Bye to Solo),lastfm_tag,0,0,no tags,True,2016.0,6245.0
blackpink::yeah yeah yeah,BLACKPINK,Yeah Yeah Yeah,lastfm_tag,0,0,no tags,False,2022.0,261860.0
dpr live::yellow cab,DPR LIVE,Yellow Cab,lastfm_tag,0,0,no tags,True,2021.0,88287.0
twice::yes or yes,TWICE,YES or YES,lastfm_tag,10,7,has tags,True,2018.0,538437.0
bts::yet to come,BTS,Yet to Come,lastfm_tag,10,6,has tags,True,2022.0,421088.0
nu'est w::ylenol,NU'EST W,ylenoL,lastfm_tag,0,0,no tags,True,2018.0,5318.0
boyfriend::you & i,Boyfriend,You & I,lastfm_tag,0,0,no tags,True,2011.0,3241.0
dreamcatcher::you and i,Dreamcatcher,YOU AND I,lastfm_tag,0,0,no tags,False,2018.0,117000.0
red velvet::you better know,Red Velvet,You Better Know,lastfm_tag,0,0,no tags,True,2017.0,101368.0
got7::you calling my name,GOT7,You Calling My Name,lastfm_tag,0,0,no tags,True,,237044.0
sunmi::you can't sit with us,SUNMI,You can't sit with us,lastfm_tag,0,0,no tags,False,2021.0,175743.0
kard::you in me,KARD,You in Me,lastfm_tag,0,0,no tags,True,2017.0,60787.0
aoa::you know that,AOA,You Know That,lastfm_tag,0,0,no tags,True,2015.0,7539.0
aoa::you're the one for me,AOA,You're the One For Me,lastfm_tag,0,0,no tags,True,,5471.0
nicole::you.f.o,Nicole,YOU.F.O,lastfm_tag,0,0,no tags,True,2023.0,4278.0
jin::yours,Jin,YOURS,lastfm_tag,10,6,has tags,True,2011.0,286800.0
stray kids::youth (lee know),Stray Kids,Youth (Lee Know),lastfm_tag,0,0,no tags,True,,92277.0
fiestar::you’re pitiful,FIESTAR,You’re Pitiful,lastfm_tag,0,0,no tags,True,2024.0,43030.0
rescene::yoyo,RESCENE,YoYo,lastfm_tag,0,0,no tags,True,2024.0,74729.0
yeo jin::yum-yum,Yeo Jin,Yum-Yum,lastfm_tag,0,0,no tags,True,,18103.0
newjeans::zero,NewJeans,Zero,lastfm_tag,10,7,has tags,True,2023.0,391465.0
red velvet::zimzalabim,Red Velvet,Zimzalabim,lastfm_tag,0,0,no tags,True,2019.0,300944.0
purple kiss::zombie,PURPLE KISS,Zombie,lastfm_tag,0,0,no tags,True,2021.0,112263.0
day6::zombie,DAY6,Zombie,lastfm_tag,0,0,no tags,True,2020.0,152694.0
super junior::明日のために、,SUPER JUNIOR,明日のために、,lastfm_tag,0,0,no tags,True,2008.0,625.0
버즈::가시,버즈,가시,lastfm_tag,0,0,no tags,True,2005.0,2112.0
unb::감각,UNB,감각,lastfm_tag,0,0,no tags,True,2018.0,17030.0
psy::강남스타일,Psy,강남스타일,lastfm_tag,0,0,no tags,True,2012.0,45667.0
g-dragon::개소리 (bullshit),G-DRAGON,개소리 (BULLSHIT),lastfm_tag,0,0,no tags,True,2017.0,61155.0
조규현::광화문에서 (at gwanghwamun),조규현,광화문에서 (At Gwanghwamun),lastfm_tag,0,0,no tags,False,,816.0
taemin::괴도 (danger),TAEMIN,괴도 (Danger),lastfm_tag,0,0,no tags,True,2014.0,118893.0
sonamoo::국민 여동생,SONAMOO,국민 여동생,lastfm_tag,0,0,no tags,False,,1453.0
girl's day::기대해,Girl's Day,기대해,lastfm_tag,0,0,no tags,True,2013.0,102755.0
teen top::긴 생머리 그녀 (miss right),TEEN TOP,긴 생머리 그녀 (Miss Right),lastfm_tag,0,0,no tags,True,2013.0,4881.0
"조규현::깊은 밤을 날아서 (flying, deep in the night)",조규현,"깊은 밤을 날아서 (Flying, deep in the night)",lastfm_tag,0,0,no tags,False,,207.0
orange caramel::까탈레나 (catallena),Orange Caramel,까탈레나 (Catallena),lastfm_tag,0,0,no tags,True,2014.0,9686.0
오렌지 캬라멜::까탈레나 (catallena),오렌지 캬라멜,까탈레나 (Catallena),lastfm_tag,0,0,no tags,True,,2090.0
f(x)::나비 (butterfly),f(x),나비 (Butterfly),lastfm_tag,0,0,no tags,True,2014.0,60242.0
cl::나쁜 기집애,CL,나쁜 기집애,lastfm_tag,0,0,no tags,True,2013.0,7382.0
백퍼센트::나쁜놈,백퍼센트,나쁜놈,lastfm_tag,0,0,no tags,True,2012.0,2716.0
버즈::나에게로 떠나는 여행,버즈,나에게로 떠나는 여행,lastfm_tag,0,0,no tags,True,2005.0,1415.0
"조규현::나의 생각, 너의 기억 (my thoughts, your memories)",조규현,"나의 생각, 너의 기억 (My thoughts, Your memories)",lastfm_tag,0,0,no tags,False,,444.0
block b::난리나,Block B,난리나,lastfm_tag,0,0,no tags,True,2012.0,110625.0
스피카.s::남주긴 아까워?,스피카.S,남주긴 아까워?,lastfm_tag,0,0,no tags,False,,834.0
t-ara::내 이름은,T-ARA,내 이름은,lastfm_tag,0,0,no tags,True,2017.0,21600.0
티아라::넘버나인 (no.9),티아라,넘버나인 (No.9),lastfm_tag,0,0,no tags,True,,1912.0
티아라::넘버나인 (no.9) (club ver.),티아라,넘버나인 (No.9) (Club Ver.),lastfm_tag,0,0,no tags,True,,1912.0
에일리::노래가 늘었어,에일리,노래가 늘었어,lastfm_tag,0,0,no tags,True,,2296.0
block b::닐리리맘보,Block B,닐리리맘보,lastfm_tag,0,0,no tags,True,2012.0,136714.0
shinee::다이너마이트 (dynamite),SHINee,다이너마이트 (Dynamite),lastfm_tag,0,0,no tags,True,2013.0,13722.0
shinee::닫아줘 (close the door),SHINee,닫아줘 (Close the Door),lastfm_tag,0,0,no tags,True,2013.0,16959.0
shinee::떠나지 못해 (sleepless night),SHINee,떠나지 못해 (Sleepless Night),lastfm_tag,0,0,no tags,True,2013.0,5333.0
t-ara::떠나지마,T-ARA,떠나지마,lastfm_tag,0,0,no tags,True,2012.0,12511.0
nct 127::롤러코스터 heartbreaker,NCT 127,롤러코스터 Heartbreaker,lastfm_tag,0,0,no tags,True,2017.0,60816.0
orange caramel::립스틱 (lipstick),Orange Caramel,립스틱 (LIPSTICK),lastfm_tag,0,0,no tags,True,2012.0,9950.0
nct dream::마지막 첫사랑 my first and last,NCT DREAM,마지막 첫사랑 My First and Last,lastfm_tag,0,0,no tags,True,2017.0,113737.0
blackpink::마지막처럼,BLACKPINK,마지막처럼,lastfm_tag,0,0,no tags,True,2017.0,10345.0
소녀시대::말해봐 (talk talk),소녀시대,말해봐 (Talk Talk),lastfm_tag,0,0,no tags,True,2013.0,9609.0
"g-dragon::무제(無題) (untitled, 2014)",G-DRAGON,"무제(無題) (Untitled, 2014)",lastfm_tag,0,0,no tags,True,,113809.0
f(x)::무지개 (rainbow),f(x),무지개 (Rainbow),lastfm_tag,0,0,no tags,True,2014.0,41907.0
이효리::미스코리아,이효리,미스코리아,lastfm_tag,0,0,no tags,True,2013.0,4473.0
key::미워 (the duty of love),Key,미워 (The Duty of Love),lastfm_tag,0,0,no tags,True,2018.0,621.0
f(x)::미행 (그림자; shadow),f(x),미행 (그림자; Shadow),lastfm_tag,0,0,no tags,True,2013.0,6738.0
girl's day::반짝반짝,Girl's Day,반짝반짝,lastfm_tag,0,0,no tags,True,2011.0,50140.0
baby v.o.x::배신,Baby V.O.X,배신,lastfm_tag,0,0,no tags,False,2000.0,5289.0
f(x)::뱉어내 (spit it out),f(x),뱉어내 (Spit It Out),lastfm_tag,0,0,no tags,True,2014.0,34352.0
shinee::버리고 가 (better off),SHINee,버리고 가 (Better Off),lastfm_tag,0,0,no tags,True,2013.0,3012.0
노지훈::벌 받나 봐,노지훈,벌 받나 봐,lastfm_tag,0,0,no tags,True,2012.0,2472.0
girl's day::보고싶어,Girl's Day,보고싶어,lastfm_tag,0,0,no tags,True,2014.0,11743.0
에일리::보여줄게,에일리,보여줄게,lastfm_tag,0,0,no tags,True,2016.0,9126.0
로이킴::봄봄봄,로이킴,봄봄봄,lastfm_tag,0,0,no tags,True,2013.0,2926.0
우주소녀::비밀이야 (secret),우주소녀,비밀이야 (Secret),lastfm_tag,0,0,no tags,True,,3152.0
shinee::빗 속 뉴욕 (queen of new york),SHINee,빗 속 뉴욕 (Queen of New York),lastfm_tag,0,0,no tags,True,2013.0,18409.0
t-ara::사랑놀이,T-ARA,사랑놀이,lastfm_tag,0,0,no tags,True,2012.0,6618.0
조규현::사랑이 숨긴 말들 (one confession),조규현,사랑이 숨긴 말들 (One confession),lastfm_tag,0,0,no tags,False,,465.0
성시경::사랑하는 일,성시경,사랑하는 일,lastfm_tag,0,0,no tags,True,2008.0,6356.0
orange caramel::샹하이 로맨스 (上海之戀),Orange Caramel,샹하이 로맨스 (上海之戀),lastfm_tag,0,0,no tags,True,2011.0,7193.0
hello venus::설레임,HELLO VENUS,설레임,lastfm_tag,0,0,no tags,True,,3687.0
key::센 척 안 해 (one of those nights) (feat. crush),Key,센 척 안 해 (One of Those Nights) (Feat. Crush),lastfm_tag,0,0,no tags,False,2018.0,1107.0
kara::숙녀가 못 돼 (damaged lady),Kara,숙녀가 못 돼 (Damaged Lady),lastfm_tag,0,0,no tags,True,2013.0,4296.0
f(x)::시그널 (signal),f(x),시그널 (Signal),lastfm_tag,0,0,no tags,True,2013.0,91183.0
"super junior::쏘리 쏘리 sorry, sorry",SUPER JUNIOR,"쏘리 쏘리 SORRY, SORRY",lastfm_tag,0,0,no tags,True,,204887.0
라붐::어떡할래,라붐,어떡할래,lastfm_tag,0,0,no tags,True,,1046.0
brown eyed girls::어쩌다,Brown Eyed Girls,어쩌다,lastfm_tag,0,0,no tags,True,2008.0,18705.0
f(x)::여우 같은 내 친구 (no more),f(x),여우 같은 내 친구 (No More),lastfm_tag,0,0,no tags,True,2013.0,51956.0
girl's day::여자 대통령,Girl's Day,여자 대통령,lastfm_tag,0,0,no tags,True,2013.0,43202.0
hello venus::오늘 뭐해?,HELLO VENUS,오늘 뭐해?,lastfm_tag,0,0,no tags,False,,3619.0
noir::오늘만,Noir,오늘만,lastfm_tag,0,0,no tags,True,2020.0,1014.0
brown eyes::우산,Brown Eyes,우산,lastfm_tag,0,0,no tags,False,,2856.0
여자친구::유리구슬 glass bead,여자친구,유리구슬 Glass Bead,lastfm_tag,0,0,no tags,False,2015.0,578.0
2pm::이 노래를 듣고 돌아와,2PM,이 노래를 듣고 돌아와,lastfm_tag,0,0,no tags,False,2013.0,7519.0
dazzling red::이사람,Dazzling Red,이사람,lastfm_tag,0,0,no tags,False,2012.0,883.0
lc9::전초전,LC9,전초전,lastfm_tag,0,0,no tags,False,2013.0,2081.0
소년공화국::전화해 집에 (party rock),소년공화국,전화해 집에 (Party Rock),lastfm_tag,0,0,no tags,True,2013.0,1240.0
f(x)::제트별 (jet),f(x),제트별 (Jet),lastfm_tag,0,0,no tags,True,2012.0,46297.0
shinee::줄리엣 (juliette),SHINee,줄리엣 (Juliette),lastfm_tag,0,0,no tags,True,2009.0,13019.0
exo-k::중독 (overdose),EXO-K,중독 (Overdose),lastfm_tag,0,0,no tags,True,2014.0,16649.0
f(x)::첫 사랑니 (rum pum pum pum),f(x),첫 사랑니 (Rum Pum Pum Pum),lastfm_tag,0,0,no tags,True,2013.0,188246.0
다비치::첫키스,다비치,첫키스,lastfm_tag,0,0,no tags,True,,3385.0
super junior::춤을 춘다 (midnight blues),SUPER JUNIOR,춤을 춘다 (Midnight Blues),lastfm_tag,0,0,no tags,True,2014.0,8186.0
"nct u::텐데...timeless (sung by jaehyun, doyoung, taeil)",NCT U,"텐데...Timeless (Sung by JAEHYUN, DOYOUNG, TAEIL)",lastfm_tag,0,0,no tags,True,,41124.0
소녀시대::텔레파시 (telepathy),소녀시대,텔레파시 (Telepathy),lastfm_tag,0,0,no tags,True,2011.0,10729.0
hello venus::파도처럼,HELLO VENUS,파도처럼,lastfm_tag,0,0,no tags,True,,2097.0
red velvet::피카부 peek-a-boo,Red Velvet,피카부 Peek-a-Boo,lastfm_tag,0,0,no tags,True,2017.0,119049.0
2pm::하.니.뿐.,2PM,하.니.뿐.,lastfm_tag,0,0,no tags,False,2013.0,25364.0
bigbang::하루 하루,Bigbang,하루 하루,lastfm_tag,0,0,no tags,True,,1867.0
승리::할말 있어요 (gotta talk to u),승리,할말 있어요 (Gotta Talk to U),lastfm_tag,0,0,no tags,True,2013.0,4473.0
ive::해야 (heya),IVE,해야 (HEYA),lastfm_tag,10,7,has tags,True,2024.0,246032.0
red velvet::행복 (happiness),Red Velvet,행복 (Happiness),lastfm_tag,10,6,has tags,True,2014.0,238831.0
girl's day::휘파람,Girl's Day,휘파람,lastfm_tag,0,0,no tags,True,2014.0,7998.0
shinee::히치하이킹 (hitchhiking),SHINee,히치하이킹 (Hitchhiking),lastfm_tag,0,0,no tags,True,2013.0,15324.0
saja boys::soda pop,Saja Boys,Soda Pop,lastfm_tag,10,7,has tags,True,,672875.0
huntr/x::takedown,HUNTR/X,Takedown,lastfm_tag,10,6,has tags,True,2025.0,552289.0
huntr/x::what it sounds like,HUNTR/X,What It Sounds Like,lastfm_tag,10,8,has tags,True,2025.0,548539.0
bts::134340,BTS,134340,lastfm_tag,10,8,has tags,True,2018.0,503786.0
newjeans::attention,NewJeans,Attention,lastfm_tag,10,7,has tags,True,2022.0,937335.0
red velvet::bad boy,Red Velvet,Bad Boy,lastfm_tag,10,6,has tags,True,2018.0,732073.0
aespa::bite,aespa,Bite,lastfm_tag,10,8,has tags,False,2026.0,85895.0
dayoung::body,DAYOUNG,Body,lastfm_tag,10,8,has tags,False,2025.0,100041.0
newjeans::bubble gum,NewJeans,Bubble Gum,lastfm_tag,10,6,has tags,True,2024.0,443025.0
newjeans::cookie,NewJeans,Cookie,lastfm_tag,10,7,has tags,True,2022.0,718259.0
newjeans::ditto,NewJeans,Ditto,lastfm_tag,10,7,has tags,True,2022.0,1101450.0
twice::doughnut,TWICE,Doughnut,lastfm_tag,10,8,has tags,True,2021.0,350654.0
le sserafim::easy,LE SSERAFIM,EASY,lastfm_tag,10,7,has tags,True,2024.0,602823.0
newjeans::get up,NewJeans,Get Up,lastfm_tag,10,7,has tags,True,2023.0,571634.0
newjeans::hurt,NewJeans,Hurt,lastfm_tag,10,7,has tags,True,2022.0,634260.0
newjeans::hype boy,NewJeans,Hype Boy,lastfm_tag,10,6,has tags,True,2022.0,934781.0
yuna::ice cream,Yuna,Ice Cream,lastfm_tag,10,7,has tags,False,2026.0,82003.0
le sserafim::impurities,LE SSERAFIM,Impurities,lastfm_tag,10,7,has tags,True,2022.0,545014.0
bts::intro: singularity,BTS,Intro: Singularity,lastfm_tag,10,6,has tags,True,,427769.0
jihyo::killin’ me good,JIHYO,Killin’ Me Good,lastfm_tag,9,7,has tags,True,2023.0,301753.0
red velvet::kingdom come,Red Velvet,Kingdom Come,lastfm_tag,10,7,has tags,True,2017.0,236575.0
nmixx::know about me,NMIXX,KNOW ABOUT ME,lastfm_tag,10,6,has tags,True,2025.0,197698.0
yves::loop (feat. lil cherry),Yves,LOOP (feat. Lil Cherry),lastfm_tag,10,7,has tags,True,2025.0,296592.0
kai::mmmh,Kai,Mmmh,lastfm_tag,10,9,has tags,True,2020.0,430253.0
lngshot::moonwalkin',LNGSHOT,Moonwalkin',lastfm_tag,10,7,has tags,True,2026.0,230716.0
aespa::my plan,aespa,My Plan,lastfm_tag,10,9,has tags,False,2026.0,70067.0
newjeans::omg,NewJeans,OMG,lastfm_tag,10,6,has tags,True,2023.0,1065793.0
nayeon::pop!,NAYEON,POP!,lastfm_tag,10,8,has tags,True,2022.0,681076.0
red velvet::psycho,Red Velvet,Psycho,lastfm_tag,10,6,has tags,True,2019.0,800465.0
shinee::replay,SHINee,Replay,lastfm_tag,10,7,has tags,True,2008.0,411707.0
le sserafim::sour grapes,LE SSERAFIM,Sour Grapes,lastfm_tag,10,6,has tags,True,2022.0,575826.0
stayc::stereotype,STAYC,STEREOTYPE,lastfm_tag,10,7,has tags,False,2021.0,430418.0
jung kook::still with you,Jung Kook,Still With You,lastfm_tag,10,7,has tags,True,2023.0,648815.0
kiss of life::sugarcoat (natty solo),Kiss of Life,Sugarcoat (NATTY Solo),lastfm_tag,10,7,has tags,True,,409047.0
twice::this is for,TWICE,THIS IS FOR,lastfm_tag,10,8,has tags,True,2025.0,451051.0
tomorrow x together::0x1=lovesong (i know i love you) feat. seori,TOMORROW X TOGETHER,0X1=LOVESONG (I Know I Love You) feat. Seori,lastfm_tag,10,7,has tags,True,,518691.0
le sserafim::hot,LE SSERAFIM,HOT,lastfm_tag,10,7,has tags,False,2025.0,427299.0
nct 127::kick it,NCT 127,Kick It,lastfm_tag,10,8,has tags,False,2020.0,344792.0
tomorrow x together::lo$er=lo♡er,TOMORROW X TOGETHER,LO$ER=LO♡ER,lastfm_tag,10,6,has tags,True,2021.0,485082.0
coldplay::my universe,Coldplay,My Universe,lastfm_tag,10,7,has tags,True,2021.0,886639.0
nmixx::o.o,NMIXX,O.O,lastfm_tag,10,7,has tags,True,2022.0,364945.0
aespa::rich man,aespa,Rich Man,lastfm_tag,10,7,has tags,True,2025.0,259026.0
nmixx::loud,NMIXX,LOUD,lastfm_tag,10,9,has tags,False,2026.0,87014.0
nmixx::heavy serenade,NMIXX,Heavy Serenade,lastfm_tag,10,9,has tags,False,2026.0,116275.0
ateez::bad,ATEEZ,BAD,lastfm_tag,2,2,has tags,False,2026.0,102701.0
,,,spotify_playlist,10,7,has tags,True,2024.0,393090.0
,,,spotify_playlist,10,7,has tags,True,2024.0,374619.0
,,,spotify_playlist,0,0,no tags,True,2024.0,150780.0
,,,spotify_playlist,0,0,no tags,True,2023.0,164022.0
,,,spotify_playlist,0,0,no tags,True,2024.0,89630.0
,,,spotify_playlist,0,0,no tags,True,2024.0,94276.0
,,,spotify_playlist,0,0,no tags,True,2024.0,82345.0
,,,spotify_playlist,0,0,no tags,True,2024.0,104645.0
,,,spotify_playlist,10,8,has tags,True,2024.0,1048389.0
,,,spotify_playlist,10,9,has tags,True,2024.0,701924.0
,,,spotify_playlist,2,1,has tags,True,2023.0,223772.0
,,,spotify_playlist,9,7,has tags,True,2024.0,215116.0
,,,spotify_playlist,10,9,has tags,True,2024.0,650483.0
,,,spotify_playlist,10,8,has tags,True,2024.0,213949.0
,,,spotify_playlist,0,0,no tags,True,2023.0,301270.0
,,,spotify_playlist,10,10,has tags,True,2024.0,436622.0
,,,spotify_playlist,0,0,no tags,True,2023.0,192022.0
,,,spotify_playlist,0,0,no tags,True,2024.0,132363.0
,,,spotify_playlist,10,7,has tags,True,2023.0,679859.0
,,,spotify_playlist,0,0,no tags,True,2024.0,60774.0
,,,spotify_playlist,0,0,no tags,True,2023.0,146756.0
,,,spotify_playlist,10,9,has tags,True,2021.0,415513.0
,,,spotify_playlist,9,8,has tags,True,2023.0,256269.0
,,,spotify_playlist,9,6,has tags,True,2024.0,217138.0
,,,spotify_playlist,9,6,has tags,True,2024.0,202543.0
,,,spotify_playlist,0,0,no tags,True,2024.0,167939.0
,,,spotify_playlist,0,0,no tags,True,2025.0,136428.0
,,,spotify_playlist,0,0,no tags,True,2025.0,43225.0
,,,spotify_playlist,10,8,has tags,False,2023.0,249212.0
,,,spotify_playlist,0,0,no tags,True,2023.0,171981.0
,,,spotify_playlist,10,9,has tags,True,2026.0,216380.0
,,,spotify_playlist,10,7,has tags,True,2024.0,526890.0
,,,spotify_playlist,10,8,has tags,True,2024.0,429548.0
,,,spotify_playlist,0,0,no tags,True,2025.0,53389.0
,,,spotify_playlist,0,0,no tags,True,2025.0,51148.0
,,,spotify_playlist,0,0,no tags,True,,49631.0
,,,spotify_playlist,0,0,no tags,True,2023.0,116389.0
,,,spotify_playlist,0,0,no tags,True,2023.0,119874.0
,,,spotify_playlist,0,0,no tags,True,2024.0,40011.0
,,,spotify_playlist,0,0,no tags,False,,29035.0
,,,spotify_playlist,0,0,no tags,True,2024.0,54078.0
,,,spotify_playlist,0,0,no tags,True,,29909.0
,,,spotify_playlist,0,0,no tags,True,,45929.0
,,,spotify_playlist,0,0,no tags,True,2023.0,33397.0
,,,spotify_playlist,0,0,no tags,True,2023.0,54386.0
,,,spotify_playlist,0,0,no tags,False,2024.0,23667.0
,,,spotify_playlist,0,0,no tags,False,2024.0,15907.0
,,,spotify_playlist,0,0,no tags,False,2024.0,17891.0
,,,spotify_playlist,0,0,no tags,False,2024.0,14421.0
,,,spotify_playlist,0,0,no tags,True,2023.0,21549.0
,,,spotify_playlist,0,0,no tags,True,2023.0,16528.0
,,,spotify_playlist,0,0,no tags,True,,36276.0
,,,spotify_playlist,10,9,has tags,True,2024.0,278582.0
,,,spotify_playlist,0,0,no tags,True,2022.0,226794.0
,,,spotify_playlist,0,0,no tags,False,2017.0,129181.0
,,,spotify_playlist,0,0,no tags,False,2023.0,263970.0
,,,spotify_playlist,10,10,has tags,True,2025.0,315154.0
,,,spotify_playlist,0,0,no tags,True,2024.0,117449.0
,,,spotify_playlist,0,0,no tags,True,2023.0,202413.0
,,,spotify_playlist,0,0,no tags,True,2024.0,71939.0
,,,spotify_playlist,0,0,no tags,True,2023.0,46861.0
,,,spotify_playlist,10,9,has tags,True,2022.0,299822.0
,,,spotify_playlist,0,0,no tags,True,2023.0,63596.0
,,,spotify_playlist,0,0,no tags,True,2023.0,201571.0
,,,spotify_playlist,0,0,no tags,True,2024.0,55097.0
,,,spotify_playlist,0,0,no tags,True,2024.0,95712.0
,,,spotify_playlist,0,0,no tags,True,2023.0,162126.0
,,,spotify_playlist,0,0,no tags,True,2023.0,51086.0
,,,spotify_playlist,0,0,no tags,True,2024.0,29692.0
,,,spotify_playlist,0,0,no tags,True,,16422.0
,,,spotify_playlist,0,0,no tags,True,,41209.0
,,,spotify_playlist,0,0,no tags,False,2024.0,113939.0
,,,spotify_playlist,4,1,has tags,True,2024.0,99024.0
,,,spotify_playlist,0,0,no tags,True,2022.0,260199.0
,,,spotify_playlist,0,0,no tags,True,2023.0,168931.0
,,,spotify_playlist,0,0,no tags,True,2023.0,65081.0
,,,spotify_playlist,0,0,no tags,True,2022.0,47586.0
,,,spotify_playlist,0,0,no tags,True,,126576.0
,,,spotify_playlist,0,0,no tags,True,2025.0,17667.0
,,,spotify_playlist,10,7,has tags,True,2024.0,287315.0
,,,spotify_playlist,0,0,no tags,True,2024.0,104907.0
,,,spotify_playlist,0,0,no tags,True,2024.0,92285.0
,,,spotify_playlist,0,0,no tags,True,2024.0,68166.0
,,,spotify_playlist,0,0,no tags,True,2023.0,167987.0
,,,spotify_playlist,0,0,no tags,True,2023.0,83941.0
,,,spotify_playlist,0,0,no tags,True,2023.0,75600.0
,,,spotify_playlist,0,0,no tags,True,2023.0,77275.0
,,,spotify_playlist,0,0,no tags,True,2023.0,62579.0
,,,spotify_playlist,0,0,no tags,True,2024.0,51021.0
,,,spotify_playlist,0,0,no tags,True,2025.0,117973.0
,,,spotify_playlist,0,0,no tags,True,2023.0,220842.0
,,,spotify_playlist,0,0,no tags,True,2022.0,131632.0
,,,spotify_playlist,0,0,no tags,True,2022.0,120356.0
,,,spotify_playlist,0,0,no tags,True,2022.0,248338.0
,,,spotify_playlist,0,0,no tags,True,2022.0,101199.0
,,,spotify_playlist,0,0,no tags,True,2022.0,87604.0
,,,spotify_playlist,0,0,no tags,True,2025.0,56622.0
,,,spotify_playlist,0,0,no tags,True,2025.0,49799.0
,,,spotify_playlist,0,0,no tags,True,2025.0,53724.0
,,,spotify_playlist,0,0,no tags,True,2025.0,74687.0
,,,spotify_playlist,0,0,no tags,True,2025.0,50071.0
,,,spotify_playlist,0,0,no tags,True,2022.0,201489.0
,,,spotify_playlist,0,0,no tags,True,2023.0,107483.0
,,,spotify_playlist,0,0,no tags,True,2023.0,99089.0
,,,spotify_playlist,0,0,no tags,False,2024.0,95374.0
,,,spotify_playlist,0,0,no tags,False,2024.0,61599.0
,,,spotify_playlist,7,7,has tags,True,2025.0,87949.0
,,,spotify_playlist,0,0,no tags,True,2024.0,18796.0
,,,spotify_playlist,0,0,no tags,False,2024.0,83875.0
,,,spotify_playlist,0,0,no tags,True,2024.0,160661.0
,,,spotify_playlist,0,0,no tags,True,2021.0,48892.0
,,,spotify_playlist,0,0,no tags,True,2023.0,60329.0
,,,spotify_playlist,0,0,no tags,True,2024.0,71344.0
,,,spotify_playlist,0,0,no tags,True,2022.0,43308.0
,,,spotify_playlist,0,0,no tags,True,2022.0,65105.0
,,,spotify_playlist,0,0,no tags,True,2024.0,52362.0
,,,spotify_playlist,0,0,no tags,True,2024.0,48503.0
,,,spotify_playlist,0,0,no tags,True,2024.0,60644.0
,,,spotify_playlist,0,0,no tags,True,2015.0,92401.0
,,,spotify_playlist,0,0,no tags,True,2015.0,80368.0
,,,spotify_playlist,0,0,no tags,True,2015.0,89116.0
,,,spotify_playlist,0,0,no tags,True,2015.0,112481.0
,,,spotify_playlist,0,0,no tags,True,2015.0,78787.0
,,,spotify_playlist,0,0,no tags,True,2015.0,106424.0
,,,spotify_playlist,0,0,no tags,True,2015.0,77034.0
,,,spotify_playlist,0,0,no tags,True,2015.0,77572.0
,,,spotify_playlist,0,0,no tags,False,2025.0,81854.0
,,,spotify_playlist,10,7,has tags,False,2025.0,170747.0
,,,spotify_playlist,0,0,no tags,False,2025.0,62935.0
,,,spotify_playlist,0,0,no tags,False,2025.0,52960.0
,,,spotify_playlist,0,0,no tags,True,2023.0,93089.0
,,,spotify_playlist,0,0,no tags,True,,13034.0
,,,spotify_playlist,0,0,no tags,True,2022.0,9545.0
,,,spotify_playlist,10,7,has tags,True,2023.0,440171.0
,,,spotify_playlist,0,0,no tags,True,2016.0,84408.0
,,,spotify_playlist,0,0,no tags,False,2025.0,25847.0
,,,spotify_playlist,0,0,no tags,False,2025.0,25307.0
,,,spotify_playlist,0,0,no tags,True,2024.0,90030.0
,,,spotify_playlist,0,0,no tags,False,2025.0,19074.0
,,,spotify_playlist,0,0,no tags,False,2025.0,41260.0
,,,spotify_playlist,0,0,no tags,False,2025.0,38202.0
,,,spotify_playlist,0,0,no tags,False,2025.0,15732.0
,,,spotify_playlist,0,0,no tags,False,2025.0,117164.0
,,,spotify_playlist,0,0,no tags,True,,94846.0
,,,spotify_playlist,0,0,no tags,True,,80746.0
,,,spotify_playlist,0,0,no tags,True,,69005.0
,,,spotify_playlist,0,0,no tags,True,2023.0,69282.0
,,,spotify_playlist,0,0,no tags,True,2023.0,89930.0
,,,spotify_playlist,0,0,no tags,True,2023.0,58223.0
,,,spotify_playlist,0,0,no tags,True,2023.0,55717.0
,,,spotify_playlist,0,0,no tags,True,2021.0,141064.0
,,,spotify_playlist,0,0,no tags,True,2025.0,153570.0
,,,spotify_playlist,0,0,no tags,True,2025.0,113661.0
,,,spotify_playlist,0,0,no tags,True,2025.0,106605.0
,,,spotify_playlist,0,0,no tags,True,,117527.0
,,,spotify_playlist,0,0,no tags,True,,95403.0
,,,spotify_playlist,0,0,no tags,True,,90153.0
,,,spotify_playlist,0,0,no tags,True,,121903.0
,,,spotify_playlist,0,0,no tags,True,2025.0,101769.0
,,,spotify_playlist,0,0,no tags,False,2023.0,37917.0
,,,spotify_playlist,0,0,no tags,True,2024.0,21680.0
,,,spotify_playlist,0,0,no tags,True,,14279.0
,,,spotify_playlist,0,0,no tags,True,2018.0,104558.0
,,,spotify_playlist,0,0,no tags,True,2020.0,12687.0
,,,spotify_playlist,3,0,no tags,True,2020.0,172017.0
,,,spotify_playlist,0,0,no tags,True,,13338.0
,,,spotify_playlist,0,0,no tags,True,2019.0,102956.0
,,,spotify_playlist,0,0,no tags,True,,17822.0
,,,spotify_playlist,0,0,no tags,True,2021.0,103637.0
,,,spotify_playlist,0,0,no tags,True,2021.0,21781.0
,,,spotify_playlist,0,0,no tags,True,2021.0,9697.0
,,,spotify_playlist,0,0,no tags,True,2021.0,14936.0
,,,spotify_playlist,0,0,no tags,True,2021.0,37101.0
,,,spotify_playlist,0,0,no tags,False,2024.0,166466.0
,,,spotify_playlist,0,0,no tags,False,2024.0,148932.0
,,,spotify_playlist,0,0,no tags,False,2024.0,126819.0
,,,spotify_playlist,10,7,has tags,False,2024.0,184472.0
,,,spotify_playlist,0,0,no tags,False,2024.0,111012.0
,,,spotify_playlist,10,8,has tags,False,2025.0,140826.0
,,,spotify_playlist,0,0,no tags,False,2025.0,79293.0
,,,spotify_playlist,0,0,no tags,False,2025.0,60237.0
,,,spotify_playlist,10,10,has tags,False,2025.0,117330.0
,,,spotify_playlist,0,0,no tags,False,2025.0,58062.0
,,,spotify_playlist,0,0,no tags,False,2025.0,49310.0
,,,spotify_playlist,0,0,no tags,False,2025.0,52662.0
,,,spotify_playlist,0,0,no tags,False,2025.0,44390.0
,,,spotify_playlist,10,8,has tags,True,,312079.0
,,,spotify_playlist,0,0,no tags,False,2025.0,42141.0
,,,spotify_playlist,0,0,no tags,True,2022.0,110444.0
,,,spotify_playlist,10,7,has tags,False,2025.0,212802.0
,,,spotify_playlist,10,7,has tags,True,2025.0,132548.0
,,,spotify_playlist,0,0,no tags,True,2025.0,71743.0
,,,spotify_playlist,0,0,no tags,True,2025.0,60586.0
,,,spotify_playlist,0,0,no tags,True,2025.0,209.0
,,,spotify_playlist,10,7,has tags,True,2025.0,205195.0
,,,spotify_playlist,10,9,has tags,True,2025.0,99936.0
,,,spotify_playlist,0,0,no tags,True,2025.0,77682.0
,,,spotify_playlist,0,0,no tags,True,2025.0,74931.0
,,,spotify_playlist,0,0,no tags,True,2025.0,62088.0
,,,spotify_playlist,0,0,no tags,True,2025.0,56231.0
,,,spotify_playlist,0,0,no tags,True,2025.0,63375.0
,,,spotify_playlist,0,0,no tags,True,2025.0,67209.0
,,,spotify_playlist,0,0,no tags,True,2025.0,67238.0
,,,spotify_playlist,0,0,no tags,True,2025.0,58799.0
,,,spotify_playlist,0,0,no tags,True,,56429.0
,,,spotify_playlist,0,0,no tags,True,,49404.0
,,,spotify_playlist,0,0,no tags,False,2025.0,48796.0
,,,spotify_playlist,10,6,has tags,True,2025.0,172945.0
,,,spotify_playlist,0,0,no tags,False,2025.0,32923.0
,,,spotify_playlist,0,0,no tags,False,2025.0,97080.0
,,,spotify_playlist,0,0,no tags,False,2025.0,28624.0
,,,spotify_playlist,10,9,has tags,True,2025.0,742405.0
,,,spotify_playlist,0,0,no tags,False,,50755.0
,,,spotify_playlist,0,0,no tags,False,,76559.0
,,,spotify_playlist,10,9,has tags,True,,165869.0
,,,spotify_playlist,0,0,no tags,True,,143449.0
,,,spotify_playlist,8,7,has tags,False,2025.0,148958.0
,,,spotify_playlist,8,5,has tags,True,2025.0,154092.0
,,,spotify_playlist,0,0,no tags,True,2023.0,22371.0
,,,spotify_playlist,0,0,no tags,True,2023.0,51023.0
,,,spotify_playlist,0,0,no tags,True,2023.0,18210.0
,,,spotify_playlist,0,0,no tags,True,2023.0,24089.0
,,,spotify_playlist,0,0,no tags,False,2025.0,37194.0
,,,spotify_playlist,0,0,no tags,False,2025.0,45579.0
,,,spotify_playlist,0,0,no tags,True,2025.0,93010.0
,,,spotify_playlist,10,7,has tags,True,2023.0,278628.0
,,,spotify_playlist,0,0,no tags,True,2015.0,116472.0
,,,spotify_playlist,0,0,no tags,False,2024.0,194163.0
,,,spotify_playlist,0,0,no tags,False,2025.0,51494.0
,,,spotify_playlist,10,7,has tags,False,2025.0,110003.0
,,,spotify_playlist,0,0,no tags,False,2025.0,77639.0
,,,spotify_playlist,0,0,no tags,False,2025.0,77939.0
,,,spotify_playlist,0,0,no tags,False,2025.0,67258.0
,,,spotify_playlist,0,0,no tags,False,2025.0,83573.0
,,,spotify_playlist,0,0,no tags,True,2025.0,51083.0
,,,spotify_playlist,0,0,no tags,False,2025.0,11627.0
,,,spotify_playlist,10,9,has tags,True,2026.0,276202.0
,,,spotify_playlist,10,7,has tags,False,2025.0,100636.0
,,,spotify_playlist,0,0,no tags,True,2025.0,37189.0
,,,spotify_playlist,10,7,has tags,True,2025.0,104612.0
,,,spotify_playlist,10,8,has tags,True,2025.0,667513.0
,,,spotify_playlist,0,0,no tags,False,2025.0,25969.0
,,,spotify_playlist,0,0,no tags,False,2025.0,57320.0
,,,spotify_playlist,0,0,no tags,False,2025.0,17155.0
,,,spotify_playlist,0,0,no tags,False,,10336.0
,,,spotify_playlist,7,7,has tags,False,2025.0,72961.0
,,,spotify_playlist,0,0,no tags,False,2025.0,21139.0
,,,spotify_playlist,0,0,no tags,False,2025.0,18592.0
,,,spotify_playlist,10,7,has tags,False,2026.0,173895.0
,,,spotify_playlist,0,0,no tags,True,2024.0,62394.0
,,,spotify_playlist,0,0,no tags,True,2024.0,56865.0
,,,spotify_playlist,0,0,no tags,True,2024.0,54034.0
,,,spotify_playlist,0,0,no tags,True,2023.0,76496.0
,,,spotify_playlist,0,0,no tags,True,2023.0,43903.0
,,,spotify_playlist,0,0,no tags,True,2023.0,63289.0
,,,spotify_playlist,0,0,no tags,True,2023.0,43928.0
,,,spotify_playlist,0,0,no tags,True,2023.0,72512.0
,,,spotify_playlist,0,0,no tags,True,2024.0,59119.0
,,,spotify_playlist,0,0,no tags,True,2024.0,41897.0
,,,spotify_playlist,0,0,no tags,True,2024.0,40915.0
,,,spotify_playlist,0,0,no tags,True,2024.0,56554.0
,,,spotify_playlist,0,0,no tags,True,2024.0,39056.0
,,,spotify_playlist,0,0,no tags,True,2024.0,43610.0
,,,spotify_playlist,0,0,no tags,True,2022.0,35470.0
,,,spotify_playlist,9,6,has tags,False,2025.0,115355.0
,,,spotify_playlist,0,0,no tags,False,2025.0,35174.0
,,,spotify_playlist,0,0,no tags,False,2025.0,33390.0
,,,spotify_playlist,0,0,no tags,False,2025.0,45014.0
,,,spotify_playlist,0,0,no tags,False,2025.0,30956.0
,,,spotify_playlist,0,0,no tags,False,2025.0,27856.0
,,,spotify_playlist,0,0,no tags,False,2025.0,51706.0
,,,spotify_playlist,0,0,no tags,False,2025.0,27069.0
,,,spotify_playlist,0,0,no tags,False,2025.0,28842.0
,,,spotify_playlist,0,0,no tags,True,,171855.0
,,,spotify_playlist,0,0,no tags,True,,159144.0
,,,spotify_playlist,0,0,no tags,True,,142436.0
,,,spotify_playlist,0,0,no tags,True,2023.0,30393.0
,,,spotify_playlist,0,0,no tags,True,2023.0,48205.0
,,,spotify_playlist,0,0,no tags,True,2023.0,64231.0
,,,spotify_playlist,0,0,no tags,True,2023.0,39235.0
,,,spotify_playlist,0,0,no tags,True,2023.0,53150.0
,,,spotify_playlist,0,0,no tags,True,2023.0,30741.0
,,,spotify_playlist,0,0,no tags,True,2023.0,39347.0
,,,spotify_playlist,0,0,no tags,True,2023.0,35543.0
,,,spotify_playlist,0,0,no tags,True,2023.0,22534.0
,,,spotify_playlist,0,0,no tags,True,2023.0,42570.0
,,,spotify_playlist,0,0,no tags,True,2023.0,27832.0
,,,spotify_playlist,0,0,no tags,True,2023.0,31619.0
,,,spotify_playlist,0,0,no tags,True,2024.0,65072.0
,,,spotify_playlist,0,0,no tags,True,,76443.0
,,,spotify_playlist,0,0,no tags,True,2024.0,96707.0
,,,spotify_playlist,0,0,no tags,True,2024.0,75571.0
,,,spotify_playlist,0,0,no tags,True,2024.0,85476.0
,,,spotify_playlist,0,0,no tags,True,,34949.0
,,,spotify_playlist,0,0,no tags,True,,118043.0
,,,spotify_playlist,0,0,no tags,True,,118010.0
,,,spotify_playlist,0,0,no tags,True,,53943.0
,,,spotify_playlist,0,0,no tags,True,,67569.0
,,,spotify_playlist,0,0,no tags,True,,57439.0
,,,spotify_playlist,0,0,no tags,False,2025.0,37054.0
,,,spotify_playlist,0,0,no tags,False,2025.0,57923.0
,,,spotify_playlist,0,0,no tags,False,2025.0,30158.0
,,,spotify_playlist,0,0,no tags,False,2025.0,26700.0
,,,spotify_playlist,0,0,no tags,False,2025.0,18445.0
,,,spotify_playlist,0,0,no tags,True,2022.0,66655.0
,,,spotify_playlist,0,0,no tags,True,2022.0,29667.0
,,,spotify_playlist,0,0,no tags,True,2022.0,
,,,spotify_playlist,10,9,has tags,False,2026.0,311768.0
,,,spotify_playlist,0,0,no tags,False,,57589.0
,,,spotify_playlist,0,0,no tags,False,,32784.0
,,,spotify_playlist,0,0,no tags,False,,25119.0
,,,spotify_playlist,0,0,no tags,False,,25198.0
,,,spotify_playlist,0,0,no tags,False,2026.0,66383.0
,,,spotify_playlist,0,0,no tags,True,2025.0,46296.0
,,,spotify_playlist,0,0,no tags,True,2019.0,77305.0
,,,spotify_playlist,0,0,no tags,False,2026.0,28983.0
,,,spotify_playlist,0,0,no tags,False,2026.0,29118.0
,,,spotify_playlist,0,0,no tags,False,2026.0,25410.0
,,,spotify_playlist,0,0,no tags,False,2026.0,31094.0
,,,spotify_playlist,0,0,no tags,False,2025.0,87119.0
,,,spotify_playlist,0,0,no tags,True,2026.0,9641.0
,,,spotify_playlist,3,0,no tags,False,2026.0,80871.0
,,,spotify_playlist,0,0,no tags,False,2026.0,26057.0
,,,spotify_playlist,0,0,no tags,True,2017.0,150714.0
,,,spotify_playlist,0,0,no tags,False,2026.0,31639.0
,,,spotify_playlist,0,0,no tags,False,2026.0,41445.0
,,,spotify_playlist,0,0,no tags,False,2026.0,50718.0
,,,spotify_playlist,0,0,no tags,False,2026.0,63352.0
,,,spotify_playlist,0,0,no tags,False,2026.0,56153.0
,,,spotify_playlist,10,7,has tags,False,2026.0,96879.0
,,,spotify_playlist,0,0,no tags,False,2026.0,76212.0
,,,spotify_playlist,0,0,no tags,False,2026.0,51928.0
,,,spotify_playlist,10,9,has tags,False,2026.0,91744.0
,,,spotify_playlist,0,0,no tags,False,2025.0,26961.0
,,,spotify_playlist,0,0,no tags,False,2026.0,55144.0
,,,spotify_playlist,0,0,no tags,False,2026.0,57971.0
,,,spotify_playlist,0,0,no tags,False,2026.0,50898.0
,,,spotify_playlist,0,0,no tags,False,2026.0,53660.0
,,,spotify_playlist,0,0,no tags,False,2025.0,49223.0
,,,spotify_playlist,0,0,no tags,True,2024.0,52556.0
,,,spotify_playlist,7,6,has tags,False,2026.0,92068.0
,,,spotify_playlist,0,0,no tags,False,2026.0,34136.0
,,,spotify_playlist,0,0,no tags,False,2026.0,27808.0
,,,spotify_playlist,0,0,no tags,False,,26282.0
,,,spotify_playlist,0,0,no tags,False,,25292.0
,,,spotify_playlist,0,0,no tags,False,,25200.0
,,,spotify_playlist,0,0,no tags,False,,25107.0
,,,spotify_playlist,0,0,no tags,False,,23128.0
,,,spotify_playlist,0,0,no tags,True,2023.0,317613.0
,,,spotify_playlist,0,0,no tags,False,2026.0,26764.0
,,,spotify_playlist,7,7,has tags,False,2026.0,101207.0
,,,spotify_playlist,7,7,has tags,False,2026.0,293350.0
,,,spotify_playlist,9,9,has tags,False,2026.0,111910.0
,,,spotify_playlist,7,6,has tags,False,2026.0,81687.0
,,,spotify_playlist,10,9,has tags,False,2026.0,82592.0
,,,spotify_playlist,0,0,no tags,False,2025.0,52151.0
,,,spotify_playlist,0,0,no tags,True,2019.0,216191.0
,,,spotify_playlist,0,0,no tags,False,2026.0,785.0
,,,spotify_playlist,0,0,no tags,False,2025.0,84.0
,,,spotify_playlist,0,0,no tags,False,2025.0,247.0
,,,spotify_playlist,0,0,no tags,True,2023.0,115.0
,,,spotify_playlist,0,0,no tags,True,,281.0
,,,spotify_playlist,10,9,has tags,False,2026.0,119279.0
,,,spotify_playlist,10,7,has tags,False,2024.0,581946.0
,,,spotify_playlist,0,0,no tags,False,2026.0,15610.0
,,,spotify_playlist,0,0,no tags,False,2026.0,22183.0
,,,spotify_playlist,0,0,no tags,True,2024.0,102290.0
,,,spotify_playlist,9,9,has tags,False,2026.0,64408.0
,,,spotify_playlist,0,0,no tags,True,,11520.0
,,,spotify_playlist,0,0,no tags,True,2026.0,32312.0
,,,spotify_playlist,0,0,no tags,False,2026.0,7724.0
,,,spotify_playlist,0,0,no tags,False,2026.0,15688.0
,,,spotify_playlist,0,0,no tags,False,,31168.0
,,,spotify_playlist,10,9,has tags,False,2026.0,46537.0
,,,spotify_playlist,0,0,no tags,False,2026.0,24518.0
,,,spotify_playlist,10,9,has tags,False,2026.0,30702.0
,,,spotify_playlist,0,0,no tags,False,2026.0,23065.0
,,,spotify_playlist,0,0,no tags,False,2026.0,20158.0
,,,spotify_playlist,0,0,no tags,False,2026.0,15473.0
,,,spotify_playlist,0,0,no tags,False,2026.0,7950.0
,,,spotify_playlist,0,0,no tags,False,2026.0,8429.0
,,,spotify_playlist,0,0,no tags,True,2023.0,73976.0
,,,spotify_playlist,10,9,has tags,False,2026.0,32160.0
,,,spotify_playlist,10,9,has tags,False,2026.0,28336.0
,,,spotify_playlist,10,9,has tags,False,2026.0,55137.0
,,,spotify_playlist,7,6,has tags,False,2026.0,32507.0
,,,spotify_playlist,10,9,has tags,False,2026.0,33604.0
,,,spotify_playlist,9,8,has tags,False,2026.0,25024.0
,,,spotify_playlist,0,0,no tags,False,2025.0,57763.0
,,,spotify_playlist,0,0,no tags,False,2025.0,15016.0
,,,spotify_playlist,10,9,has tags,True,2026.0,90792.0
,,,spotify_playlist,0,0,no tags,True,2023.0,164847.0
,,,spotify_playlist,10,7,has tags,True,2023.0,362031.0
,,,spotify_playlist,0,0,no tags,True,2023.0,150318.0
,,,spotify_playlist,0,0,no tags,True,2023.0,103427.0
,,,spotify_playlist,0,0,no tags,False,2026.0,5583.0
,,,spotify_playlist,0,0,no tags,False,,3679.0
,,,spotify_playlist,0,0,no tags,True,2019.0,84110.0
,,,spotify_playlist,0,0,no tags,False,2019.0,171219.0
,,,spotify_playlist,0,0,no tags,False,2019.0,98125.0
,,,spotify_playlist,0,0,no tags,True,2019.0,250562.0
,,,spotify_playlist,0,0,no tags,True,2020.0,126209.0
,,,spotify_playlist,0,0,no tags,True,2023.0,138636.0
,,,spotify_playlist,0,0,no tags,True,2012.0,546.0
,,,spotify_playlist,10,9,has tags,True,2013.0,53554.0
,,,spotify_playlist,0,0,no tags,True,2021.0,167396.0
,,,spotify_playlist,0,0,no tags,True,2025.0,42726.0
,,,spotify_playlist,0,0,no tags,True,2025.0,31073.0
,,,spotify_playlist,0,0,no tags,True,2025.0,32220.0
,,,spotify_playlist,0,0,no tags,True,2025.0,27379.0
,,,spotify_playlist,0,0,no tags,True,2024.0,89275.0
,,,spotify_playlist,0,0,no tags,True,2024.0,57852.0
,,,spotify_playlist,0,0,no tags,True,,32534.0
,,,spotify_playlist,0,0,no tags,True,2024.0,68939.0
,,,spotify_playlist,0,0,no tags,True,2024.0,33021.0
,,,spotify_playlist,0,0,no tags,True,2024.0,33712.0
,,,spotify_playlist,0,0,no tags,True,2024.0,37319.0
,,,spotify_playlist,0,0,no tags,True,2024.0,47342.0
,,,spotify_playlist,0,0,no tags,True,2023.0,49865.0
,,,spotify_playlist,0,0,no tags,True,2023.0,76760.0
,,,spotify_playlist,0,0,no tags,True,2023.0,66962.0
,,,spotify_playlist,0,0,no tags,True,,18764.0
,,,spotify_playlist,0,0,no tags,True,2023.0,31139.0
,,,spotify_playlist,0,0,no tags,True,2023.0,21029.0
,,,spotify_playlist,10,10,has tags,True,2023.0,101255.0
,,,spotify_playlist,0,0,no tags,True,2022.0,78659.0
,,,spotify_playlist,0,0,no tags,True,2022.0,84733.0
,,,spotify_playlist,10,10,has tags,True,2024.0,102122.0
,,,spotify_playlist,0,0,no tags,True,2024.0,29544.0
,,,spotify_playlist,0,0,no tags,True,2024.0,49096.0
,,,spotify_playlist,0,0,no tags,True,2024.0,28120.0
,,,spotify_playlist,0,0,no tags,True,2024.0,47111.0
,,,spotify_playlist,0,0,no tags,True,2024.0,21979.0
,,,spotify_playlist,0,0,no tags,True,2022.0,20164.0
,,,spotify_playlist,0,0,no tags,True,2018.0,91652.0
,,,spotify_playlist,0,0,no tags,True,,100479.0
,,,spotify_playlist,0,0,no tags,True,2023.0,89317.0
,,,spotify_playlist,0,0,no tags,True,2023.0,94654.0
,,,spotify_playlist,0,0,no tags,True,2015.0,262110.0
,,,spotify_playlist,0,0,no tags,True,2022.0,372391.0
,,,spotify_playlist,0,0,no tags,True,2024.0,104367.0
,,,spotify_playlist,0,0,no tags,True,2024.0,89049.0
,,,spotify_playlist,0,0,no tags,True,2024.0,34472.0
,,,spotify_playlist,0,0,no tags,True,2024.0,47002.0
,,,spotify_playlist,0,0,no tags,True,2024.0,31228.0
,,,spotify_playlist,0,0,no tags,True,2024.0,49083.0
,,,spotify_playlist,0,0,no tags,True,2024.0,27935.0
,,,spotify_playlist,0,0,no tags,True,2023.0,151499.0
,,,spotify_playlist,0,0,no tags,True,2024.0,7679.0
,,,spotify_playlist,0,0,no tags,False,2025.0,43398.0
,,,spotify_playlist,0,0,no tags,True,2023.0,138264.0
,,,spotify_playlist,10,7,has tags,True,2013.0,326521.0
,,,spotify_playlist,0,0,no tags,True,,356074.0
,,,spotify_playlist,0,0,no tags,True,2013.0,149553.0
,,,spotify_playlist,0,0,no tags,True,2021.0,93944.0
,,,spotify_playlist,0,0,no tags,True,2021.0,50531.0
,,,spotify_playlist,0,0,no tags,True,2021.0,203537.0
,,,spotify_playlist,0,0,no tags,True,2020.0,211047.0
,,,spotify_playlist,0,0,no tags,True,2021.0,237971.0
,,,spotify_playlist,0,0,no tags,True,2022.0,248749.0
,,,spotify_playlist,0,0,no tags,True,2023.0,204865.0
,,,spotify_playlist,0,0,no tags,True,2021.0,70062.0
,,,spotify_playlist,0,0,no tags,True,2021.0,89190.0
,,,spotify_playlist,0,0,no tags,True,2025.0,74497.0
,,,spotify_playlist,0,0,no tags,True,2025.0,79040.0
,,,spotify_playlist,0,0,no tags,True,2025.0,67375.0
,,,spotify_playlist,0,0,no tags,True,2025.0,30537.0
,,,spotify_playlist,0,0,no tags,True,2025.0,29443.0
,,,spotify_playlist,0,0,no tags,True,2025.0,102712.0
,,,spotify_playlist,0,0,no tags,True,2023.0,134890.0
,,,spotify_playlist,0,0,no tags,True,,106354.0
,,,spotify_playlist,0,0,no tags,True,2024.0,80092.0
,,,spotify_playlist,0,0,no tags,True,2021.0,64896.0
,,,spotify_playlist,0,0,no tags,True,2021.0,147827.0
,,,spotify_playlist,0,0,no tags,True,2020.0,105432.0
,,,spotify_playlist,0,0,no tags,True,2025.0,111999.0
,,,spotify_playlist,0,0,no tags,False,2025.0,23120.0
,,,spotify_playlist,0,0,no tags,False,,169.0
,,,spotify_playlist,7,4,has tags,True,2025.0,102655.0
,,,spotify_playlist,0,0,no tags,False,2025.0,93880.0
,,,spotify_playlist,0,0,no tags,True,2025.0,131187.0
,,,spotify_playlist,0,0,no tags,False,2025.0,15527.0
,,,spotify_playlist,0,0,no tags,False,2025.0,7456.0
,,,spotify_playlist,0,0,no tags,True,2025.0,77631.0
,,,spotify_playlist,9,6,has tags,True,2025.0,132016.0
,,,spotify_playlist,0,0,no tags,True,2025.0,80884.0
,,,spotify_playlist,0,0,no tags,True,2025.0,22720.0
,,,spotify_playlist,0,0,no tags,False,2025.0,7633.0
,,,spotify_playlist,0,0,no tags,True,2025.0,16058.0
,,,spotify_playlist,0,0,no tags,True,2025.0,11330.0
,,,spotify_playlist,0,0,no tags,True,2024.0,5924.0
,,,spotify_playlist,0,0,no tags,True,2024.0,16420.0
,,,spotify_playlist,8,7,has tags,False,2025.0,101466.0
,,,spotify_playlist,0,0,no tags,False,2025.0,55510.0
,,,spotify_playlist,7,7,has tags,False,2025.0,166822.0
,,,spotify_playlist,0,0,no tags,False,2025.0,54957.0
,,,spotify_playlist,0,0,no tags,False,2025.0,51083.0
,,,spotify_playlist,0,0,no tags,False,2025.0,67116.0
,,,spotify_playlist,0,0,no tags,True,2025.0,113478.0
,,,spotify_playlist,0,0,no tags,True,2025.0,38891.0
,,,spotify_playlist,0,0,no tags,True,2021.0,38024.0
,,,spotify_playlist,0,0,no tags,True,2025.0,34917.0
,,,spotify_playlist,0,0,no tags,True,2025.0,54137.0
,,,spotify_playlist,0,0,no tags,True,2005.0,15566.0
,,,spotify_playlist,0,0,no tags,True,2007.0,41584.0
,,,spotify_playlist,0,0,no tags,True,2020.0,84605.0
,,,spotify_playlist,0,0,no tags,False,1996.0,1344.0
,,,spotify_playlist,0,0,no tags,False,2019.0,188606.0
,,,spotify_playlist,6,5,has tags,False,2026.0,60747.0
,,,spotify_playlist,0,0,no tags,False,2026.0,25036.0
,,,spotify_playlist,0,0,no tags,True,2017.0,4171.0
,,,spotify_playlist,0,0,no tags,False,2026.0,48390.0
,,,spotify_playlist,0,0,no tags,True,2023.0,17372.0
,,,spotify_playlist,0,0,no tags,False,,5562.0
,,,spotify_playlist,0,0,no tags,False,2025.0,25464.0
,,,spotify_playlist,0,0,no tags,False,2026.0,22363.0
,,,spotify_playlist,10,7,has tags,False,2025.0,159686.0
,,,spotify_playlist,5,2,has tags,True,2026.0,52306.0
,,,spotify_playlist,0,0,no tags,True,2026.0,43482.0
,,,spotify_playlist,0,0,no tags,True,2026.0,38557.0
,,,spotify_playlist,0,0,no tags,True,2026.0,34408.0
,,,spotify_playlist,0,0,no tags,True,2025.0,82746.0
,,,spotify_playlist,0,0,no tags,True,,36837.0
,,,spotify_playlist,0,0,no tags,True,2025.0,60740.0
,,,spotify_playlist,0,0,no tags,True,2025.0,64499.0
,,,spotify_playlist,0,0,no tags,False,2025.0,117075.0
,,,spotify_playlist,0,0,no tags,True,2024.0,176087.0
,,,spotify_playlist,0,0,no tags,False,2026.0,23292.0
,,,spotify_playlist,0,0,no tags,False,2025.0,22502.0
,,,spotify_playlist,0,0,no tags,False,2026.0,8256.0
,,,spotify_playlist,0,0,no tags,True,,203109.0
,,,spotify_playlist,0,0,no tags,True,2019.0,169249.0
,,,spotify_playlist,0,0,no tags,True,2019.0,90610.0
,,,spotify_playlist,0,0,no tags,True,2023.0,105109.0
,,,spotify_playlist,0,0,no tags,False,2025.0,8807.0
,,,spotify_playlist,0,0,no tags,False,2014.0,6426.0
,,,spotify_playlist,0,0,no tags,False,2026.0,5862.0
,,,spotify_playlist,0,0,no tags,False,2026.0,5411.0
,,,spotify_playlist,0,0,no tags,False,2026.0,5685.0
,,,spotify_playlist,0,0,no tags,False,2026.0,7279.0
,,,spotify_playlist,0,0,no tags,False,2026.0,3343.0
,,,spotify_playlist,0,0,no tags,False,2026.0,3400.0
,,,spotify_playlist,0,0,no tags,False,,4114.0
,,,spotify_playlist,0,0,no tags,False,2025.0,38195.0
,,,spotify_playlist,0,0,no tags,True,2025.0,23810.0
,,,spotify_playlist,0,0,no tags,True,2019.0,32706.0
,,,spotify_playlist,0,0,no tags,False,2025.0,42945.0
,,,spotify_playlist,0,0,no tags,False,2025.0,13049.0
,,,spotify_playlist,0,0,no tags,False,2026.0,4287.0
,,,spotify_playlist,0,0,no tags,False,2026.0,10265.0
,,,spotify_playlist,0,0,no tags,False,2026.0,3592.0
,,,spotify_playlist,0,0,no tags,False,2026.0,4007.0
,,,spotify_playlist,0,0,no tags,False,2026.0,3383.0
,,,spotify_playlist,0,0,no tags,False,2026.0,3350.0
,,,spotify_playlist,0,0,no tags,False,2026.0,2634.0
,,,spotify_playlist,0,0,no tags,False,2025.0,23757.0
,,,spotify_playlist,0,0,no tags,False,2025.0,12672.0
,,,spotify_playlist,0,0,no tags,False,2025.0,12196.0
,,,spotify_playlist,0,0,no tags,False,2025.0,12259.0
,,,spotify_playlist,0,0,no tags,False,2025.0,12021.0
,,,spotify_playlist,0,0,no tags,False,2025.0,15084.0
,,,spotify_playlist,0,0,no tags,False,2025.0,20574.0
,,,spotify_playlist,0,0,no tags,False,2025.0,51511.0
,,,spotify_playlist,7,6,has tags,True,2015.0,233674.0
,,,spotify_playlist,0,0,no tags,True,2020.0,128504.0
,,,spotify_playlist,0,0,no tags,True,2021.0,48652.0
,,,spotify_playlist,0,0,no tags,True,2015.0,33213.0
,,,spotify_playlist,0,0,no tags,False,2026.0,8849.0
,,,spotify_playlist,0,0,no tags,False,2026.0,6843.0
,,,spotify_playlist,0,0,no tags,True,,22003.0
,,,spotify_playlist,0,0,no tags,False,2026.0,39401.0
,,,spotify_playlist,0,0,no tags,False,2026.0,20370.0
,,,spotify_playlist,0,0,no tags,True,2026.0,54335.0
,,,spotify_playlist,0,0,no tags,True,2019.0,57418.0
,,,spotify_playlist,0,0,no tags,True,2023.0,22150.0
,,,spotify_playlist,0,0,no tags,True,2017.0,12069.0
,,,spotify_playlist,0,0,no tags,True,2018.0,86537.0
,,,spotify_playlist,0,0,no tags,True,2015.0,153550.0
,,,spotify_playlist,0,0,no tags,True,,24366.0
,,,spotify_playlist,0,0,no tags,True,2018.0,120789.0
,,,spotify_playlist,0,0,no tags,True,2025.0,16265.0
,,,spotify_playlist,0,0,no tags,False,2026.0,5669.0
,,,spotify_playlist,0,0,no tags,False,2026.0,3776.0
,,,spotify_playlist,0,0,no tags,True,2018.0,14745.0
,,,spotify_playlist,0,0,no tags,True,2024.0,18930.0
,,,spotify_playlist,0,0,no tags,True,2024.0,10337.0
,,,spotify_playlist,0,0,no tags,True,2024.0,24060.0
,,,spotify_playlist,0,0,no tags,True,2024.0,9177.0
,,,spotify_playlist,0,0,no tags,True,2024.0,13471.0
,,,spotify_playlist,0,0,no tags,True,2024.0,7561.0
,,,spotify_playlist,0,0,no tags,False,2025.0,8195.0
,,,spotify_playlist,0,0,no tags,False,2025.0,19393.0
,,,spotify_playlist,0,0,no tags,False,2025.0,10371.0
,,,spotify_playlist,0,0,no tags,False,2025.0,12805.0
,,,spotify_playlist,0,0,no tags,False,2025.0,14275.0
,,,spotify_playlist,0,0,no tags,False,2025.0,15009.0
,,,spotify_playlist,0,0,no tags,False,2026.0,8051.0
,,,spotify_playlist,0,0,no tags,False,2026.0,3372.0
,,,spotify_playlist,0,0,no tags,False,2026.0,3385.0
,,,spotify_playlist,0,0,no tags,False,2026.0,3278.0
,,,spotify_playlist,0,0,no tags,False,2026.0,2326.0
,,,spotify_playlist,0,0,no tags,True,2023.0,29427.0
,,,spotify_playlist,0,0,no tags,False,2025.0,11274.0
,,,spotify_playlist,0,0,no tags,False,2025.0,13654.0
,,,spotify_playlist,0,0,no tags,False,2025.0,25342.0
,,,spotify_playlist,0,0,no tags,False,2025.0,10195.0
,,,spotify_playlist,0,0,no tags,False,2025.0,12206.0
,,,spotify_playlist,0,0,no tags,False,2025.0,9930.0
,,,spotify_playlist,0,0,no tags,True,,29932.0
,,,spotify_playlist,0,0,no tags,False,,4670.0
,,,spotify_playlist,0,0,no tags,False,2026.0,12757.0
,,,spotify_playlist,0,0,no tags,True,2012.0,10796.0
,,,spotify_playlist,0,0,no tags,True,2009.0,20600.0
,,,spotify_playlist,0,0,no tags,True,2011.0,14681.0
,,,spotify_playlist,0,0,no tags,True,2019.0,6173.0
,,,spotify_playlist,0,0,no tags,True,,50462.0
,,,spotify_playlist,0,0,no tags,True,,53094.0
,,,spotify_playlist,0,0,no tags,True,2016.0,15491.0
,,,spotify_playlist,0,0,no tags,True,2014.0,458.0
,,,spotify_playlist,0,0,no tags,True,2017.0,69356.0
,,,spotify_playlist,0,0,no tags,True,2012.0,77680.0
,,,spotify_playlist,0,0,no tags,True,2014.0,46950.0
,,,spotify_playlist,0,0,no tags,True,2012.0,27605.0
,,,spotify_playlist,0,0,no tags,True,2013.0,8154.0
,,,spotify_playlist,0,0,no tags,True,2014.0,68415.0
